date,unit_01,unit_02,unit_03,unit_04,unit_05,unit_06,unit_07,unit_08,unit_09,unit_10,min,median,max,mean/std
2022-01-01,39.6650903946387,35.356841405309794,29.501119790340915,49.62061516807165,33.3700934778619,38.61015437136088,34.559279403457296,53.43684857284608,41.23873314135952,58.49477361043738,29.501119790340915,39.137622382999794,58.49477361043738,41.39/9.46
2022-01-02,37.1124746430136,49.94437515695568,42.270097179074185,51.55728441735007,40.357898688822594,37.07879309482618,22.2658767851318,45.77294063623806,75.73305501848469,53.65910625783346,22.2658767851318,44.02151890765612,75.73305501848469,45.58/13.96
2022-01-03,38.62876300681071,28.340224471077487,48.01844946516155,45.93533133676939,39.20960142962738,46.69052010451052,25.88623872775166,31.38352742003915,78.60707394735363,68.06461084215117,25.88623872775166,42.57246638319838,78.60707394735363,45.08/16.92
2022-01-04,50.0,43.55556980883428,36.27883144886002,43.07633270461884,39.376185470215944,35.76431332942362,59.110809484709485,37.57194431985377,39.244188051293165,66.40750776017154,35.76431332942362,41.22625908741739,66.40750776017154,45.04/10.38
2022-01-05,42.434209274063136,28.73467457009604,35.91958582400355,49.73933444197666,37.63915290467669,39.31304583923008,15.093751909931283,50.66464786776109,48.53694058312517,65.71918828187874,15.093751909931283,40.87362755664661,65.71918828187874,41.38/13.74
2022-01-06,47.773801266200486,37.0604773602464,44.22439939363296,39.77876272473975,44.90208225629254,41.4434341985208,27.42881440612745,49.83334261328965,75.59363514851194,67.93957128175172,27.42881440612745,44.56324082496275,75.59363514851194,47.6/14.29
2022-01-07,33.57304770152676,38.5281825072277,43.66825368966762,34.51133955713395,37.46327111371557,35.19254466736598,46.58876942457545,31.627159993607737,55.85095457803693,50.32906125009521,31.627159993607737,37.99572681047164,55.85095457803693,40.73/8.05
2022-01-08,42.69774130522344,39.74607988015634,36.276031230710764,56.09265126286748,37.03314567537871,40.850063281469495,26.165506514135647,59.83535939047306,50.201415445657005,50.82138964644067,26.165506514135647,41.77390229334647,59.83535939047306,43.97/10.21
2022-01-09,49.60992073254672,35.693417752514904,41.59272846981933,38.36763566673716,39.90338177157531,44.68330056372333,14.736515365019072,41.55821438104343,39.99900719549621,55.21906264270255,14.736515365019072,40.778610788269816,55.21906264270255,40.14/10.59
2022-01-10,40.99515243416399,40.562041520135,47.15084664670778,34.645716701269656,32.612366704456655,40.584824493629405,35.39376133996369,31.505885878903136,70.29927295404697,62.61188932325517,31.505885878903136,40.5734330068822,70.29927295404697,43.64/13.02
2022-01-11,42.10224633590901,43.17102504304475,37.11599978052849,38.66263953541134,46.3420109522913,34.03045505658348,20.657534017563545,41.67916727068013,63.2473977347448,69.08089280687236,20.657534017563545,41.89070680329457,69.08089280687236,43.61/13.88
2022-01-12,45.34826060100545,43.97667658700972,36.73107221406367,39.98723935474117,41.09764512571064,45.37089788457865,18.037277062466664,59.30943072109737,71.92499538484687,53.917140726886686,18.037277062466664,44.662468594007585,71.92499538484687,45.57/14.31
2022-01-13,42.25229729438628,35.18478718757998,41.13710545273732,44.15525909982063,46.851071691937975,34.07580550049407,25.349098747435303,66.13397908362055,66.19807997022237,64.58767566016793,25.349098747435303,43.20377819710346,66.19807997022237,46.59/14.46
2022-01-14,42.070906161406846,40.14704267171613,35.90856607849365,41.99353874004141,41.7552552934514,30.021672712560427,16.30358472389812,57.19734569426657,65.09777913780313,65.64871371873062,16.30358472389812,41.8743970167464,65.64871371873062,43.61/15.43
2022-01-15,40.58063397626528,45.90703581527816,38.1342165477044,46.390318395704185,39.38449164390764,36.57432930408071,63.90267384101172,56.56233572236579,50.90591318283092,51.57480898327485,36.57432930408071,46.148677105491174,63.90267384101172,46.99/8.83
2022-01-16,44.02139235919232,37.44162219420171,38.69678155966888,40.70433892394172,41.0392501228694,43.15936656150628,66.98238410647625,55.19433982687864,51.72036463973749,61.65087413084835,37.44162219420171,43.5903794603493,66.98238410647625,48.06/10.28
2022-01-17,32.601489365301056,33.601283370534624,47.13002521942625,44.199290406026016,44.469659534907706,35.76210471968979,42.61919035077944,64.08077233158863,43.39906029371872,58.35763092823208,32.601489365301056,43.79917534987237,64.08077233158863,44.62/10.13
2022-01-18,46.67863553064084,44.43628957117343,37.388507284077576,36.457761860393106,43.52798141565816,41.6647474612399,52.40438094796317,33.7566662549261,76.49777519278223,50.05528524884463,33.7566662549261,43.9821354934158,76.49777519278223,46.29/12.15
2022-01-19,35.89958966079057,34.87257088431707,36.1897477643364,41.33077470413259,41.44758158895173,37.26373138685223,10.909812574507251,50.226224141592695,38.509842734362095,68.37800831018605,10.909812574507251,37.88678706060716,68.37800831018605,39.5/14.24
2022-01-20,46.714075963788105,49.82621373467944,43.560744009336354,35.946013551642864,34.64901016943209,32.891931200045555,57.48824031636331,51.36843726530403,45.64473598454236,51.34047665643711,32.891931200045555,46.179405974165235,57.48824031636331,44.94/8.17
2022-01-21,44.02343791382214,47.1997521503004,38.06328236962459,41.80592445496195,38.43087511710184,44.18596271851944,33.040496625342826,50.61867118518825,73.81110877985722,53.83808078189413,33.040496625342826,44.10470031617079,73.81110877985722,46.5/11.39
2022-01-22,41.79280206191508,40.460672627237166,28.36574985567753,42.584291439626654,40.20451822764872,34.23598013338234,37.159222983101046,63.20074688855921,58.4280043079204,60.00008048627093,28.36574985567753,41.12673734457613,63.20074688855921,44.64/11.78
2022-01-23,37.55397797757079,45.00786681736816,37.68363592810052,44.41931960791997,47.52833542290005,37.38095448088106,67.10497654962444,44.715275235472156,56.59331698292805,60.24010595413629,37.38095448088106,44.86157102642016,67.10497654962444,47.82/10.27
2022-01-24,38.49274907463831,35.32566025152976,38.38895633370601,40.574343148517,42.09176749800567,34.21578891862857,54.61619204585872,46.24281472435919,40.01130677873181,58.31392116801641,34.21578891862857,40.292824963624405,58.31392116801641,42.83/7.98
2022-01-25,34.27636894196968,46.11710578205505,46.553636088116846,34.840991540633574,46.01580795512629,45.92981561099229,21.291118753791224,40.410375531561556,56.437249043605,63.05298656424761,21.291118753791224,45.97281178305929,63.05298656424761,43.49/11.74
2022-01-26,34.88047164370902,43.723927419824,39.00588637461015,34.652145160329226,44.7861836002941,48.856429321438654,45.97684597497955,61.011689003672274,77.13805882647867,62.49456612904689,34.652145160329226,45.381514787636824,77.13805882647867,49.25/13.65
2022-01-27,37.82611562809191,53.5940922775519,36.83470701899246,41.645761530511386,42.85325647675478,40.1347602205374,10.512610510075032,46.32848679439735,54.47261398126572,60.87299626690557,10.512610510075032,42.24950900363308,60.87299626690557,42.51/13.75
2022-01-28,35.23249446109858,47.2965293927649,48.59042153242205,28.523829963343157,37.98620058753763,43.62785570279621,39.30052487111334,58.96758567863944,46.65329055190994,51.20354798606712,28.523829963343157,45.14057312735308,58.96758567863944,43.74/8.75
2022-01-29,41.999620973341166,36.29460623635883,36.061531225025874,39.068581623438696,37.662617349780646,47.857584894767726,55.009691188562364,68.77924997558166,57.82970430510859,66.55772305739025,36.061531225025874,44.928602934054446,68.77924997558166,48.71/12.56
2022-01-30,36.292994652293416,40.50569218183414,32.515248874182966,37.843259109494056,39.32060838916845,41.20039468844245,19.65420138463809,42.58085105415682,59.71678523244202,55.63664920672836,19.65420138463809,39.913150285501295,59.71678523244202,40.53/11.19
2022-01-31,41.61727698492784,40.04749520185084,41.40820404129757,38.14956629616867,44.39304079442342,34.31183454680416,16.944883679205844,46.71410348922092,69.64081420966977,67.69218759047077,16.944883679205844,41.5127405131127,69.64081420966977,44.09/15.33
2022-02-01,43.739586378901976,40.80574050742207,40.25059138065616,36.102635529626326,43.255448620385664,41.0539449732295,60.08837051659838,62.64081827971806,48.81757651940762,66.83628581383067,36.102635529626326,43.49751749964382,66.83628581383067,48.36/10.84
2022-02-02,40.20051601958277,38.12040575243983,39.241283337370106,36.78568156040456,39.80459124953352,34.88344234769749,58.962875175609504,52.26803585840247,50.64415785118733,60.88307871708723,34.88344234769749,40.00255363455815,60.88307871708723,45.18/9.61
2022-02-03,36.81950291601302,40.907752075602005,28.901577793469343,41.34270618385208,35.897829327825264,39.910760774545786,20.74204898978667,47.771707480539,53.82871914380246,69.72890769023593,20.74204898978667,40.40925642507389,69.72890769023593,41.59/13.47
2022-02-04,44.25661298177207,35.08140946356079,42.39930713821491,44.85353232974637,42.56400407723164,43.27999439140551,50.64212912486248,66.50953612416649,71.4040628880158,54.094726658835874,35.08140946356079,44.55507265575922,71.4040628880158,49.51/11.48
2022-02-05,37.61566701869838,37.928961274742484,40.44958767895543,43.357266852091016,43.592455390883686,44.44978804576786,58.13302876502371,57.861575908146,46.13875223407808,56.109054274753206,37.61566701869838,44.02112171832577,58.13302876502371,46.56/7.95
2022-02-06,42.876112875909655,32.36529283151504,45.563937956181306,45.59565961702971,47.70086938573248,44.38905623483284,48.75282708467387,59.43448988017977,65.62407762409947,58.99468719492217,32.36529283151504,46.64826450138109,65.62407762409947,49.13/9.69
2022-02-07,36.88195205439066,41.370764210012695,44.02033887332851,38.408878225486674,42.42484991725572,41.24028680712706,69.29426133878445,33.83680464820596,53.16340217018925,68.2070087236863,33.83680464820596,41.897807063634204,69.29426133878445,46.88/12.6
2022-02-08,39.704455830000086,38.227492844549104,45.2374156704382,38.24071516082577,39.149437495770655,38.10011639418857,50.77359311384014,60.23800875471968,30.330853823974703,69.39350605156946,30.330853823974703,39.42694666288537,69.39350605156946,44.94/11.91
2022-02-09,41.08282973419836,40.5422653209869,42.4517087550756,41.03520118385456,37.94852052214232,40.31472342991342,56.908492682200034,32.86475869258816,77.87818300891334,63.28846316455404,32.86475869258816,41.05901545902646,77.87818300891334,47.43/14.04
2022-02-10,33.70676074168148,41.94263703234696,40.77976812625889,41.54140896047751,40.62736724612581,38.86596531993236,63.77082660129047,65.52086804123576,60.49119746095237,59.49557633121961,33.70676074168148,41.74202299641223,65.52086804123576,48.67/12.07
2022-02-11,43.39170087017446,35.64830081122803,37.4221988338305,37.85457787418067,42.64140719236436,34.81935642885276,14.994036969970674,63.245249856146486,62.6287954593694,60.78906007596561,14.994036969970674,40.247992533272516,63.245249856146486,43.34/15.18
2022-02-12,40.45722024642088,35.52710790320895,47.73751770926431,36.36167097837195,49.598289782151205,40.454922563016716,21.61840745752775,53.64004604029246,63.69347330086265,52.78697891298167,21.61840745752775,44.09736897784259,63.69347330086265,44.19/11.83
2022-02-13,50.0,37.573779093503624,41.45494304387576,28.19300239400173,37.86367785051637,47.84540065799046,28.392075804769366,52.07980652358814,67.20499438585597,55.49475650893624,28.19300239400173,44.650171850933106,67.20499438585597,44.61/12.3
2022-02-14,42.420425049829525,36.908224020166585,40.39287011631383,39.543233484004936,41.69261040039123,33.507131538562646,20.042116674323943,62.8239255205028,66.40901361414163,60.397681151738354,20.042116674323943,41.04274025835253,66.40901361414163,44.41/14.52
2022-02-15,39.148742486379405,39.01647285854701,41.740638301283525,37.94278630707984,48.7862872504849,37.75785791038584,25.90354029662132,47.387397336361374,55.0035998567615,66.45047098905604,25.90354029662132,40.444690393831465,66.45047098905604,43.91/11.14
2022-02-16,38.20700400085573,41.70569585037214,50.69442765120292,42.96089561882729,47.49269586912829,36.62507949960478,44.32567715907331,46.33431759753053,32.92456518005261,63.51109665305454,32.92456518005261,43.6432863889503,63.51109665305454,44.48/8.55
2022-02-17,35.07853675386514,41.82517345723739,41.11579801515555,39.69633093056981,38.71508559576847,52.73246391543963,29.362466416118394,40.29837909092917,47.28028209108128,54.5063506363432,29.362466416118394,40.707088553042354,54.5063506363432,42.06/7.65
2022-02-18,44.72144265023234,46.40385143942031,45.94895709990993,46.5110176173111,43.826297892608686,36.71618584922426,24.72598645158489,67.63824741059948,57.52388190607587,63.204573777855934,24.72598645158489,46.17640426966512,67.63824741059948,47.72/12.53
2022-02-19,41.75281111634027,31.395813228656102,48.53518162512312,45.777611122744055,38.64376068034896,43.05823419752704,58.33356000513662,42.3425780595185,77.40774641789938,50.99740937162177,31.395813228656102,44.417922660135545,77.40774641789938,47.82/12.67
2022-02-20,41.693770947307215,44.18126023351743,40.82408332936869,37.474396236813696,39.80023669161687,35.63487549151212,60.371398996285656,66.6736830452773,54.529824676695966,61.37866783877712,35.63487549151212,42.93751559041232,66.6736830452773,48.26/11.35
2022-02-21,41.85603092094794,37.88402446519605,46.38741821513857,37.26171679008811,37.37431208155014,38.40491489492146,55.39351618409637,63.639250365546886,69.21355698746405,68.71166975420844,37.26171679008811,44.12172456804325,69.21355698746405,49.61/13.4
2022-02-22,35.35062734145471,47.39417562709284,37.38232547595295,44.31125892426115,41.15563108130048,28.28098309962155,37.543580314975806,45.5239300756536,41.83238509505568,69.4154360146905,28.28098309962155,41.49400808817808,69.4154360146905,42.82/10.88
2022-02-23,26.52672882310609,32.30682728204688,39.7789744108095,37.3904511680312,31.349106449615007,48.91009273246883,65.16300165783508,46.05323492797781,35.981986937120666,67.36589296452877,26.52672882310609,38.58471278942035,67.36589296452877,43.08/13.91
2022-02-24,39.32545855978521,41.4703036162349,34.69950595561211,44.96336252338752,40.210045280358536,47.57680126363964,25.044174912186875,69.5740833988664,61.72158838518627,51.35958598387586,25.044174912186875,43.21683306981121,69.5740833988664,45.59/12.91
2022-02-25,46.64064140516861,45.51123467299246,26.46622914921461,42.516853700979006,47.08960266576363,47.453797457070905,54.53398289899887,62.423696815285744,33.17616150947724,52.73610194907681,26.46622914921461,46.865122035466115,62.423696815285744,45.85/10.27
2022-02-26,41.79945337604735,42.73379996781137,40.43853776388157,36.595949227292266,37.84257620480279,41.67115032747925,12.113378954362124,35.192547485883175,46.71465267222153,54.82507496433197,12.113378954362124,41.05484404568041,54.82507496433197,38.99/10.98
2022-02-27,49.35384338019146,51.71221112734158,49.31999088458583,34.583399130422194,40.29016844204536,41.83606450755639,39.91302099917843,59.39548402695806,61.70870205538378,61.37062635377007,34.583399130422194,49.33691713238865,61.70870205538378,48.95/9.71
2022-02-28,41.56929675741993,36.37283118090948,44.91154903971318,43.33709426564568,41.49338748202111,37.309792038398506,62.766594826576295,42.95442716477774,35.46908291394006,69.47058601715541,35.46908291394006,42.26186196109883,69.47058601715541,45.57/11.39
2022-03-01,36.82091511520356,40.847229789251465,36.46180226168771,45.79645983522828,29.39145761701201,43.96139340577772,16.449808810325962,43.285659126053474,68.04248696072699,64.19249434098587,16.449808810325962,42.066444457652466,68.04248696072699,42.52/15.12
2022-03-02,42.501210303360935,40.50984018069058,44.017300312651855,37.24926010609052,44.75036418793013,36.35194215254101,63.24347522825608,65.98359824831066,44.45164203866372,60.32061676616416,36.35194215254101,44.23447117565779,65.98359824831066,47.94/10.98
2022-03-03,39.1278601877768,44.28471510218875,36.20038979977095,41.98891277104361,39.23572233631973,43.072922137901074,21.35026642055307,53.77510940949472,78.58612579135249,60.796230533025124,21.35026642055307,42.530917454472345,78.58612579135249,45.84/15.51
2022-03-04,47.93742508236711,39.11651786021498,39.895703865659385,45.52055118458483,40.80090965927538,39.6277000981706,52.15170962235607,45.63052021370959,79.5121850686387,69.7978573781138,39.11651786021498,45.57553569914721,79.5121850686387,50.0/13.84
2022-03-05,33.155691283607766,43.677454009228825,34.03551252521144,35.69241580977012,39.3008084050409,32.342142398362704,26.695516369406626,63.65173849441536,50.097585948962205,59.4390974666173,26.695516369406626,37.49661210740551,63.65173849441536,41.81/12.28
2022-03-06,41.94100867098097,39.67307078114284,48.17622140920693,42.034491274556906,43.94784497194566,40.86177260881063,36.79636705006151,51.28655620823794,39.78111488887206,60.64729536029183,36.79636705006151,41.98774997276894,60.64729536029183,44.51/7.08
2022-03-07,38.37771038164026,32.822216665006955,38.97723487315945,47.70407321783053,45.58232602320629,44.25330842719112,47.32410184585631,39.95529995048104,51.05546569406648,67.37139668494235,32.822216665006955,44.917817225198704,67.37139668494235,45.34/9.45
2022-03-08,47.95670825363143,48.00561352115776,39.55229466116954,41.07460840720631,30.1302143926598,41.29597645003968,29.278352916713374,30.442511484588916,52.99168644919193,58.0523635564557,29.278352916713374,41.185292428623,58.0523635564557,41.88/9.96
2022-03-09,44.98916677955755,40.8473192708879,47.35684296515676,34.20314864812782,46.65187645664374,42.41050245129398,38.63494415491586,43.20009375627644,57.85984951260705,67.80584177322669,34.20314864812782,44.094630267917,67.80584177322669,46.4/9.77
2022-03-10,31.59366481873982,36.17948198825446,36.42052744394609,36.93566491570892,40.26948513595289,43.55657891206607,22.1113131015148,64.01832841931757,47.436350692447114,56.93312741354188,22.1113131015148,38.6025750258309,64.01832841931757,41.55/12.18
2022-03-11,49.11277438544681,40.80460978061148,40.54946628814307,34.198064068986056,43.19730840877566,47.99800634480377,38.83906325173757,44.505423973834034,76.75427357322442,56.16228822130608,34.198064068986056,43.85136619130485,76.75427357322442,47.21/12.04
2022-03-12,34.516565736451454,35.401887753340986,47.22758294637738,32.0754710468226,39.02476891346229,31.961647670950004,54.96869943379726,43.21058832718398,35.797429761509086,58.80604904816246,31.961647670950004,37.41109933748569,58.80604904816246,41.3/9.55
2022-03-13,46.80392357111097,38.69654559788996,41.56506765145061,37.29358152144908,45.0373726075744,38.611701095127145,17.672738464970827,34.151216330338215,42.69407717448831,68.06270643000153,17.672738464970827,40.130806624670285,68.06270643000153,41.06/12.48
2022-03-14,37.84668125137013,40.32453680256034,42.37126708039759,41.93259567641287,38.1686320649033,39.54938399053132,58.67143434217471,36.34905402093606,48.77672830045867,62.37870649350356,36.34905402093606,41.1285662394866,62.37870649350356,44.64/9.08
2022-03-15,44.83975590773393,35.03464379244496,40.91270882045291,40.00444421427199,33.80661102275214,36.75108109379658,62.01106108567437,32.22160319483344,52.4177761320985,65.0450504472188,32.22160319483344,40.45857651736245,65.0450504472188,44.3/11.73
2022-03-16,44.53567229896736,36.81181202981769,50.41670421876464,36.119267305277546,50.17181534768493,33.82382897964718,12.845900392708312,46.8878626403762,30.164278788899423,51.22674512078378,12.845900392708312,40.67374216439252,51.22674512078378,39.3/12.01
2022-03-17,41.436807079884645,47.4328527725474,28.80629350785245,41.10216524063183,45.29995883026136,39.59762205051118,23.02098307590972,44.15061503952122,41.730011416962384,68.61914071219053,23.02098307590972,41.583409248423514,68.61914071219053,42.12/11.99
2022-03-18,32.38258388197733,30.611197420679943,42.84093889808499,37.199296046260095,46.9873306488616,46.433811833064986,12.730276365447812,43.58861308208187,36.19267638127631,57.60015792225898,12.730276365447812,40.020117472172544,57.60015792225898,38.66/12.09
2022-03-19,39.09314345775125,45.09130204968782,40.2780443109758,46.41751383970767,42.17939175911288,41.43220163810234,24.336863062578416,59.38065819049071,35.142497122722645,65.94019880838763,24.336863062578416,41.80579669860761,65.94019880838763,43.93/11.73
2022-03-20,30.127736566275807,39.37902080439843,41.3442620657115,40.43170256392156,33.67841107616026,45.770720116001314,16.683893776932536,43.94056140405458,60.730652213493784,60.81001095406735,16.683893776932536,40.887982314816526,60.81001095406735,41.29/13.24
2022-03-21,39.11801933100147,36.42909272493206,37.5220151878849,33.51467857201549,45.14594690142332,40.39900841026355,42.34148206559104,30.798099590569517,43.51160320428435,69.27515231809798,30.798099590569517,39.75851387063251,69.27515231809798,41.81/10.62
2022-03-22,38.27375494954285,29.050757936130932,35.9615031597137,39.68198824413077,37.15783253798489,43.7114575660886,29.178248576884656,44.94534584457578,59.92067949035853,65.19989502567864,29.050757936130932,38.977871596836806,65.19989502567864,42.31/11.93
2022-03-23,35.207590125519445,30.49439069230573,36.393886022298005,41.40031151324197,38.26302725180641,48.50339265948563,44.88211954331847,42.511997349458014,32.70813103511003,60.588395246776656,30.49439069230573,39.83166938252419,60.588395246776656,41.1/8.81
2022-03-24,43.76842466402341,34.78195549019197,42.587027559271085,44.40356691990673,39.539361737807006,46.72769074645311,12.027989465091958,36.938132636573194,73.51207966745976,64.75761373738399,12.027989465091958,43.177726111647246,73.51207966745976,43.9/16.63
2022-03-25,36.29610095776777,34.625676975017534,42.48077893606441,33.82834150420559,47.334986488590616,39.01224834964216,23.7624527092472,54.028233207695806,60.87232103977317,56.66895291541972,23.7624527092472,40.74651364285329,60.87232103977317,42.89/11.7
2022-03-26,47.05033271553401,29.819719670135843,43.91872682567716,30.213490122083545,50.75851168778896,41.75851956139091,42.68492059097682,51.46665060880954,51.88749674964691,61.78557371660311,29.819719670135843,45.48452977060559,61.78557371660311,45.13/9.86
2022-03-27,39.970385921519664,43.40582437028556,37.427772858267325,29.619605577362726,37.73340726929923,40.372696592225964,14.719291545562438,60.99634978654901,77.29702366406224,67.06358030645526,14.719291545562438,40.171541256872814,77.29702366406224,44.86/18.55
2022-03-28,33.83672749269193,34.78571400400722,44.56590850901555,44.45035322794324,36.14856243668158,32.29731216241365,38.569852824345645,68.17917722392806,51.0319866708813,54.23155189588952,32.29731216241365,41.51010302614444,68.17917722392806,43.81/11.33
2022-03-29,43.26062236962704,31.87829748905242,40.33381769797344,47.39902620006376,43.3614550924958,39.07960766616412,21.905068684510844,54.11288879228184,69.97974741356516,62.70056706765999,21.905068684510844,43.31103873106142,69.97974741356516,45.4/14.11
2022-03-30,35.13115010358411,42.152680467794085,42.72383143524159,38.20897587126834,35.53600521424994,42.28390893922781,13.36164044293718,44.99189151314629,66.35949209788872,51.03192887945949,13.36164044293718,42.21829470351095,66.35949209788872,41.18/13.34
2022-03-31,46.044316430258895,35.11944629591306,48.87819688534912,44.68535946911487,45.63102854150233,40.34493381822798,31.63367765545751,53.77830015003031,30.54027329049871,60.67301599544621,30.54027329049871,45.1581940053086,60.67301599544621,43.73/9.61
2022-04-01,42.68228930385743,37.078537992241095,39.02789792630944,42.450828286750536,38.445454652604525,43.38050275562603,42.84704764747885,48.46811315212799,79.35286843054521,59.57910330595215,37.078537992241095,42.764668475668145,79.35286843054521,47.33/12.96
2022-04-02,42.942241759905656,34.441558863212734,44.77974177959516,41.28511568258339,29.676910333873995,44.911632059879416,48.38714712693371,45.90986982159677,63.375888377980765,60.74594441233472,29.676910333873995,44.84568691973729,63.375888377980765,45.65/10.32
2022-04-03,32.160452281805405,30.583620258164053,40.52387565993493,36.43071273038992,45.68953321881709,35.91566229315862,25.24738965825089,37.32616053490911,32.961018729309906,52.78110133434947,25.24738965825089,36.17318751177427,52.78110133434947,36.96/7.87
2022-04-04,41.38503402669199,33.22697009324884,41.25342799534621,50.26200642390092,40.60647970030367,39.61071836558217,43.7946582549782,43.357915907955714,62.2911384367185,63.78224393059046,33.22697009324884,42.37147496732385,63.78224393059046,45.96/9.94
2022-04-05,34.93936470049881,38.10976248302847,38.65983268981516,34.67605207407286,41.46481972969756,42.52695824396139,23.256342431445805,39.05429489301064,47.67912173792158,65.45995132884413,23.256342431445805,38.8570637914129,65.45995132884413,40.58/10.82
2022-04-06,42.083609893634446,39.68663364331557,40.87254794305558,40.31770704660762,44.00012831002966,39.42908819523279,16.288033421246258,52.94028149083218,75.05868750234306,67.1067897160747,16.288033421246258,41.47807891834501,75.05868750234306,45.78/16.27
2022-04-07,43.4274199438716,48.6190738825108,42.16248547640871,39.813703629088415,31.489087108138047,35.24178098118244,56.27032938583237,37.96633323269288,61.48973627553955,58.83115589661904,31.489087108138047,42.79495271014015,61.48973627553955,45.53/10.36
2022-04-08,39.27282735731995,27.522414149036784,46.72262103333834,40.802400397947956,36.554205920593176,35.095244794301735,29.32370312947497,31.12281024161608,35.56001990970824,53.642491639051485,27.522414149036784,36.05711291515071,53.642491639051485,37.56/8.01
2022-04-09,46.29770931925879,40.21958393510869,35.37902386395165,30.58414663934827,51.448738668765,43.02725368404865,45.57701072365152,68.91667360578536,40.26712073694618,51.3355033808533,30.58414663934827,44.302132203850086,68.91667360578536,45.31/10.56
2022-04-10,33.99440859919431,38.85353156537689,37.49283589903931,41.09192322108021,42.50818546814734,36.44790209881732,31.68870633741369,40.564880174191,54.49035540249132,60.73971464017784,31.68870633741369,39.70920586978394,60.73971464017784,41.79/9.08
2022-04-11,38.230819585282944,38.0997324969186,42.143904697196746,37.18863257483263,36.46682631324947,34.2852158177961,54.96851231649161,62.57941569228998,58.9354268424523,69.67784421849667,34.2852158177961,40.187362141239845,69.67784421849667,47.26/12.96
2022-04-12,35.42579521284425,40.59807283111531,43.56718554673785,35.764506841700424,43.48823765371407,36.68601380645185,65.74914692507062,59.78458589386623,51.92086632789973,59.70587232641036,35.42579521284425,43.52771160022596,65.74914692507062,47.27/11.21
2022-04-13,42.998306057044296,48.84346189490339,34.75603882307516,34.97398134261172,42.9956159956657,46.97782826804102,10.261938777025057,65.68621070047317,64.94807310427373,55.53964309972108,10.261938777025057,44.98806716254266,65.68621070047317,44.8/16.25
2022-04-14,43.45277580898327,33.68386628503298,44.29851440078798,36.25681389706199,45.12395561136403,39.48168488460444,22.751528346578368,65.22393771439536,39.06813630183237,65.45929970627665,22.751528346578368,41.467230346793855,65.45929970627665,43.48/13.22
2022-04-15,38.42055411564056,38.12099000336179,40.43725785276244,48.47332523524872,37.967625747772814,41.72264664390182,59.07004278315529,37.86217378497452,71.81231598311834,51.18952927474904,37.86217378497452,41.079952248332134,71.81231598311834,46.51/11.39
2022-04-16,38.90207446516165,39.15984631152383,41.68410614716317,38.71183193960427,36.063946400009854,34.36264443865824,11.251659627522386,64.25509148123092,52.9530235084587,61.79296639826599,11.251659627522386,39.030960388342734,64.25509148123092,41.91/15.18
2022-04-17,39.04138508947877,45.97931748908484,46.4705108374341,30.54125058666892,36.59269669155952,40.07690108073817,57.84782544670037,38.782897202859765,41.73496658680946,56.26650157125559,30.54125058666892,40.905933833773815,57.84782544670037,43.33/8.54
2022-04-18,44.353622953711735,33.9464193318233,45.492138290419454,41.47281606491477,37.66934626748067,39.97187122243696,33.49258612533157,32.596067360972846,47.957960002054406,56.68321145608674,32.596067360972846,40.72234364367586,56.68321145608674,41.36/7.55
2022-04-19,43.55690206115883,45.17946351201292,40.69773158704064,36.16750064930197,32.3626552188018,45.42310925210784,15.190944138082177,42.02034065578091,54.69144893269469,52.57014471559481,15.190944138082177,42.78862135846987,54.69144893269469,40.79/11.2
2022-04-20,30.63010589749885,37.58224065326467,39.63512828676406,42.460590784899374,36.57113709935361,38.889396508105214,20.48594408245385,65.26807051232635,57.82867302799661,55.63994793025277,20.48594408245385,39.26226239743464,65.26807051232635,42.5/13.47
2022-04-21,34.89947130068297,37.23428486914031,35.64196825023693,36.48499203309194,41.42326634694724,41.24631793560523,18.08541772819516,48.551158122161674,46.737311467091445,61.52318306739218,18.08541772819516,39.240301402372765,61.52318306739218,40.18/11.21
2022-04-22,43.75721094650319,32.03720547396443,42.020448193557264,39.13875711295478,32.26973790244221,38.303655939896615,30.425102640197498,47.19851213421183,46.54773909875096,55.62799188302382,30.425102640197498,40.57960265325602,55.62799188302382,40.73/7.96
2022-04-23,41.55678933715924,48.7573499194968,30.49122151110009,38.67150836800058,33.780562737850666,43.91015874859141,30.543833497992487,56.80498064579488,33.44097321124001,58.053292590405306,30.49122151110009,40.11414885257991,58.053292590405306,41.6/10.22
2022-04-24,39.14931446042412,30.132772094536737,43.61955222284616,48.08773530144288,49.02812305223391,44.25245589629682,33.68479656123439,36.33204093991957,42.86468283381873,67.69248778953215,30.132772094536737,43.24211752833244,67.69248778953215,43.48/10.45
2022-04-25,39.05913113166669,42.17848389388479,33.27176146007752,46.18769093020728,48.39846160477517,34.740974055032005,35.410413358375166,53.345585307492,48.68304518935468,54.07301244352606,33.27176146007752,44.183087412046035,54.07301244352606,43.53/7.71
2022-04-26,38.74229056782805,36.112733324136045,41.86749918326848,41.78631024823863,38.54985090273422,43.55882329563982,55.31048949483933,52.06813555402169,34.5104772164103,56.48755747694673,34.5104772164103,41.82690471575356,56.48755747694673,43.9/7.95
2022-04-27,40.49010355299538,36.08054643808807,38.89713299746262,45.95585106527314,37.98206445365581,42.138889203888255,40.98487791963952,57.38909937788811,40.34074748416617,53.32283964891799,36.08054643808807,40.737490736317454,57.38909937788811,43.36/6.91
2022-04-28,30.924763090622697,36.21293865212536,48.97680652706373,39.19026269067613,46.14321984226705,35.73012783179353,50.74026291048264,61.04220741585667,49.67524394787422,60.98805280502405,30.924763090622697,47.560013184665394,61.04220741585667,45.96/10.39
2022-04-29,43.854129583167705,36.93780008892285,47.03875267063817,42.13651949698835,46.97509840026047,37.30808193229209,51.37939350076481,48.10041661588116,45.97498132420171,65.2575377217984,36.93780008892285,46.475039862231085,65.2575377217984,46.5/8.03
2022-04-30,46.97126311657341,36.370108824065774,39.661152302504554,40.22422633325832,45.22883547103602,32.428444596335936,32.431274643260444,41.28102482785387,53.16748464484999,62.545209988196525,32.428444596335936,40.7526255805561,62.545209988196525,43.03/9.4
2022-05-01,38.86810934470275,48.19398441294532,37.544041453135605,39.79171516043802,42.22234322640792,40.46920834816452,50.270613355021545,67.56806414383487,32.116972681668315,56.92201145112338,32.116972681668315,41.34577578728622,67.56806414383487,45.4/10.55
2022-05-02,49.81742951993714,36.36824266700148,32.0946404326826,34.52355920674761,35.89397967170524,40.988232466757005,26.370536312568017,36.590602371942815,79.27251588190565,52.484979408009195,26.370536312568017,36.47942251947215,79.27251588190565,42.44/15.11
2022-05-03,40.30120011191476,40.71668043875226,43.70938164492868,42.64104118365093,38.63117739200943,39.30766830782626,34.13044341677289,35.810108544842194,76.23548907447422,54.29920737874468,34.13044341677289,40.508940275333515,76.23548907447422,44.58/12.4
2022-05-04,41.47466974415124,45.85158159662046,46.81469769099495,43.08655937381934,39.18787641107832,40.36547451706812,37.54472120230315,68.19655437811406,62.9723485326054,58.92919498468692,37.54472120230315,44.4690704852199,68.19655437811406,48.44/10.89
2022-05-05,35.32362878117125,38.18886464115848,35.11168576694505,35.830636746770914,38.993480299448734,38.21303678540018,20.41554641350693,39.65062161789938,52.73934873908897,65.87850616140769,20.41554641350693,38.200950713279326,65.87850616140769,40.03/11.95
2022-05-06,34.933780831838554,49.04764637226302,36.911292411693616,42.72511516224915,41.91238193465964,35.872971647620126,64.10876242583572,34.67127709802643,56.99529917750076,63.96112338128618,34.67127709802643,42.318748548454394,64.10876242583572,46.11/11.76
2022-05-07,43.48390752096433,36.3676583451313,42.41513156121974,39.10515282746557,41.23970946056709,39.07525370602067,40.03934965632999,67.13279344673528,37.07317349069655,60.09987052986298,36.3676583451313,40.639529558448544,67.13279344673528,44.6/10.39
2022-05-08,40.71877127813708,37.22260777025281,38.16955051370493,42.31428142369283,42.60080582628368,35.76734898347615,14.113435575535409,45.52286170615044,67.67920473274323,62.30777656923882,14.113435575535409,41.51652635091496,67.67920473274323,42.64/14.67
2022-05-09,40.148183827614965,47.630190237176656,33.6600860034663,32.24568611402673,37.546726614995706,40.27040428186061,30.564412667951842,46.001489256433366,42.37139811428023,59.70896179325005,30.564412667951842,40.20929405473778,59.70896179325005,41.01/8.65
2022-05-10,40.04470066562621,41.91862812952877,36.31403250438044,35.893570473275986,35.160179185802164,39.73530686576986,46.327355066946176,64.31269213464631,77.26186971591815,69.00279721653243,35.160179185802164,40.98166439757749,77.26186971591815,48.6/15.56
2022-05-11,46.18101953135245,40.09925648016164,44.149612489899134,40.632428346133054,33.663344243737484,40.10127611651422,65.99642913864133,45.73020434654136,53.330470214052234,69.30462969446066,33.663344243737484,44.93990841822025,69.30462969446066,47.92/11.61
2022-05-12,37.80120582597296,34.18555679128302,34.68823533858635,33.45634825068453,43.37343140326863,43.31648783386398,31.403498849311955,66.58396242308446,37.74306758225328,56.476940161014966,31.403498849311955,37.77213670411312,66.58396242308446,41.9/11.32
2022-05-13,37.206771964816596,32.34899118055548,41.09781270983917,35.03891277910042,39.06262009578642,40.61830302678659,19.85361861841426,44.98362651360999,66.86918758867307,59.08845919160864,19.85361861841426,39.8404615612865,66.86918758867307,41.62/13.27
2022-05-14,37.93312253341879,38.66132235047672,35.347765510784434,44.00195669293871,47.78426780401696,36.46587775286475,49.60734365495469,60.01186596191182,46.77025543158324,54.76085546553901,35.347765510784434,45.38610606226098,60.01186596191182,45.13/8.23
2022-05-15,37.73541960786299,41.45636469631376,31.87028222534965,34.581928394536675,42.27525687319028,40.98763644310289,18.42031102345853,62.07028750184969,38.65659846497791,53.86936513540603,18.42031102345853,39.8221174540404,62.07028750184969,40.19/11.81
2022-05-16,41.81644099969402,42.31121466527132,35.99169608735278,30.903523491947052,55.08799912009238,34.22321288359993,24.896871200286988,31.08363637823537,78.12455503044363,69.4155813203568,24.896871200286988,38.904068543523394,78.12455503044363,44.39/17.65
2022-05-17,35.21062441169063,41.346644762375774,41.908569670362745,40.96949337029578,39.80469993506964,38.767028108562805,18.198471330547708,57.12646778995685,79.10561513148775,69.33825525479827,18.198471330547708,41.15806906633578,79.10561513148775,46.18/17.66
2022-05-18,46.37895963008464,47.42352599660517,33.38040453237899,41.01486130844776,45.73017043711091,49.14060017807071,24.725701379180144,31.412371169993595,38.11376778740252,50.79349131794344,24.725701379180144,43.37251587277933,50.79349131794344,40.81/8.68
2022-05-19,48.08643171531686,45.16565073430232,41.29897701145827,43.78999829609121,34.023934245416534,36.19512745775562,49.77559927167991,65.20097778940116,44.049947262335984,50.63849633238358,34.023934245416534,44.607798998319154,65.20097778940116,45.82/8.69
2022-05-20,37.69102849497216,43.08618656248403,29.888180519603544,38.501167527913104,41.29555333959608,40.97905148966045,33.27081129987572,43.31334262413574,57.13591517822008,65.12455580468334,29.888180519603544,41.137302414628266,65.12455580468334,43.03/10.6
2022-05-21,32.33187171598641,50.39843107291883,35.675326586971224,41.326223621961645,40.64975585760263,42.87779206902422,61.35280938930632,43.6930931553486,30.495136557122283,59.516876892076674,30.495136557122283,42.102007845492935,61.35280938930632,43.83/10.49
2022-05-22,35.78615537568872,47.39771434564396,41.645889185911855,40.5155442675359,35.81476352768295,45.76597000805764,54.26573228741993,51.459313685997685,35.59538168754655,64.04165073777945,35.59538168754655,43.705929596984745,64.04165073777945,45.23/9.34
2022-05-23,38.21886631975922,42.68390590640369,33.39465543201983,39.01096823129598,47.61501650259463,41.15950742672645,38.76186296315022,36.34160488652776,41.311711553643065,69.27873712543511,33.39465543201983,40.08523782901122,69.27873712543511,42.78/10.06
2022-05-24,44.10958468961308,40.56537779513543,40.27108481425249,43.60530754643951,35.39252676269018,47.609702580522445,66.0146672140303,46.17777707264982,63.13173773865199,68.29747265968942,35.39252676269018,45.143680881131445,68.29747265968942,49.52/11.81
2022-05-25,36.55286695561251,47.41262408012703,37.99694609350417,44.06278876360308,39.56551317747896,41.262396704855846,25.036979090840617,58.47383738404059,62.50653129365633,52.822262030477965,25.036979090840617,42.66259273422946,62.50653129365633,44.57/11.14
2022-05-26,40.846928604430445,36.49511316714127,38.9311701026517,38.74857206748806,38.143388517723146,41.2773675926334,52.9290874561718,38.21342796379709,48.19980274996101,57.02087785573832,36.49511316714127,39.88904935354107,57.02087785573832,43.08/7.1
2022-05-27,33.564504152809654,43.58098246161202,44.14002362814624,43.58097925775401,43.42738005924552,39.43548853912915,64.02481936893163,35.96396513859597,47.552812343055805,66.64323306544172,33.564504152809654,43.58098085968301,66.64323306544172,46.19/10.92
2022-05-28,38.759093397722616,48.27238711548222,44.60636922234505,37.36689656950891,40.1907035191908,42.31429789416156,12.56694764090948,64.52395579228374,68.33621691163336,69.06029345080245,12.56694764090948,43.46033355825331,69.06029345080245,46.6/17.22
2022-05-29,40.52317699195338,31.685853067514195,41.89842404165027,34.64609525453068,44.96717812413918,39.90192114894284,51.49641684935886,34.61560281003725,47.291283844010096,58.74417241329817,31.685853067514195,41.210800516801825,58.74417241329817,42.58/8.34
2022-05-30,38.97115132095828,40.27874371657143,34.45118111271282,30.915975621628306,45.92734218095473,36.94854379555915,23.059429458255,30.943855121839817,68.69244320846117,50.4271419141309,23.059429458255,37.959847558258716,68.69244320846117,40.06/12.74
2022-05-31,30.754272700088904,38.32847452140733,24.584473783804988,37.97095108084818,50.428802412123176,38.47834350757633,52.58719541094257,43.0073740619664,72.10718782634964,67.86901827766415,24.584473783804988,40.742858784771364,72.10718782634964,45.61/15.28
2022-06-01,36.61678504978544,40.856725464969344,33.54039578531693,40.31295589214606,39.28200550160135,33.04087410371482,28.297958554336216,53.13244328364689,57.25536709377548,60.35323513153432,28.297958554336216,39.797480696873706,60.35323513153432,42.27/10.92
2022-06-02,37.03197110033418,37.837596166629496,41.286347245599664,43.98656067406704,38.08300297260764,41.09777513985263,34.01096812172301,42.91555079511772,70.17000615576104,57.11390543337196,34.01096812172301,41.19206119272614,70.17000615576104,44.35/11.02
2022-06-03,40.06019498570284,48.51811083974869,44.081301055059306,34.59628929202287,38.45306542739461,41.589656994365725,30.7593447083569,51.51715892398435,67.07670917642194,60.06639509686735,30.7593447083569,42.83547902471251,67.07670917642194,45.67/11.33
2022-06-04,37.35677030841546,37.10668459317579,42.637847570188974,46.36273367071198,50.60585806189518,40.71787401080535,29.184106667906477,66.87720314089455,68.00442112299766,63.14548320862776,29.184106667906477,44.50029062045048,68.00442112299766,48.2/13.59
2022-06-05,40.75186877093248,37.35620164770757,34.86952616661395,45.83582544050981,45.70625243506062,45.605309405214335,11.83732021855527,51.04510530274589,31.173038082608528,59.50593654117452,11.83732021855527,43.17858908807341,59.50593654117452,40.37/12.93
2022-06-06,38.5949217616015,36.78166887131633,41.24502235966756,39.52452265932552,24.68551730658107,41.56987683097611,39.17997474752976,43.16610048057256,48.69861534722939,63.00851948688193,24.68551730658107,40.38477250949654,63.00851948688193,41.65/9.66
2022-06-07,41.37166260447286,42.1378634204667,48.66562904364325,36.46321028886614,44.67046769755959,40.80155139510994,30.12280349442652,37.871182102900974,53.858695896588,64.21511549183141,30.12280349442652,41.75476301246978,64.21511549183141,44.02/9.64
2022-06-08,34.08498176709452,38.51197476835824,42.40196652500267,39.19512433953622,42.28193472022433,40.657693835133685,22.64916132462867,62.533558175620286,45.179144538084586,67.06738768374726,22.64916132462867,41.469814277679006,67.06738768374726,43.46/12.9
2022-06-09,38.96187863068694,42.10142142612999,41.89045162589808,38.72657887367496,47.79086589126612,47.20285552478312,18.58038546100101,51.921241901809694,78.25331476536437,51.81339483479351,18.58038546100101,44.65213847545655,78.25331476536437,45.72/14.9
2022-06-10,50.0,42.5685542965833,42.70447579355434,33.58425024597476,42.67205880723293,34.32978529552058,55.57943051143478,61.82281062480522,49.04271482159163,68.45886515867687,33.58425024597476,45.873595307572984,68.45886515867687,48.08/11.32
2022-06-11,39.0268323671349,47.39084718398719,38.44440030256109,38.088857586780165,42.664773315580405,39.572901375123735,10.994663816171109,43.70851691055707,34.35767675722911,52.61206851322189,10.994663816171109,39.29986687112932,52.61206851322189,38.69/11.04
2022-06-12,45.12839531066589,35.31683734520994,32.48466729502079,32.482961056835535,41.32664205035696,43.24906344474434,43.85532197441808,57.70633248385666,47.38590455545424,52.65608106141038,32.482961056835535,43.552192709581206,57.70633248385666,43.16/8.28
2022-06-13,32.68098810385431,35.19403714455127,41.41113070641078,36.018052431028146,50.06959425644708,45.40524814642296,53.67887242296253,69.24892569673568,37.46984708222691,55.97142253563212,32.68098810385431,43.40818942641687,69.24892569673568,45.71/11.56
2022-06-14,41.05162209278616,42.847210746777726,39.66110657430488,39.38628725819507,39.88921210499627,43.75202473030675,53.31009274409696,43.30242050304526,45.220055561082575,50.76073276064795,39.38628725819507,43.074815624911494,53.31009274409696,43.92/4.73
2022-06-15,41.369049465125485,38.08847429826466,41.24223628882706,48.18488623321055,35.48022385432121,40.65830372291826,62.19112606635655,52.91168494401981,39.18565847530878,62.80330080258032,35.48022385432121,41.30564287697627,62.80330080258032,46.21/9.94
2022-06-16,44.25935255211563,48.69539430737383,43.12168570052773,47.513408753212445,39.16508213515054,43.00396896477044,19.918524029768975,61.527936497123534,75.40707990901576,56.31938440836784,19.918524029768975,45.88638065266404,75.40707990901576,47.89/14.66
2022-06-17,37.849563787807554,40.29396295595702,37.77364681755065,31.977923405793305,42.197458575091645,38.57558050296059,30.401094365664665,37.771345068650206,55.16388690061137,66.52985794661546,30.401094365664665,38.21257214538407,66.52985794661546,41.85/10.94
2022-06-18,42.495715269953024,36.10533727763222,39.21104627820841,42.35341522387279,39.71524099745926,39.521273874587465,10.32168389494985,64.55141430079276,72.40614890416944,50.45973175798045,10.32168389494985,41.034328110666024,72.40614890416944,43.71/16.78
2022-06-19,48.78442928845912,36.09418173802348,34.13978047805936,39.82585057335825,42.648413739942754,40.62626198279045,43.7969084815272,33.92609786649142,73.91069675156626,54.27412986349446,33.92609786649142,41.6373378613666,73.91069675156626,44.8/12.06
2022-06-20,37.52520529248466,46.80877389095393,37.51317024974424,36.21130379402086,54.60116320716935,38.85720282881065,19.780360785047133,41.31313369348232,49.26037745524906,57.52589117263072,19.780360785047133,40.085168261146485,57.52589117263072,41.94/10.82
2022-06-21,40.8199934254283,44.2806782274432,35.32215045777971,33.80741204119569,45.28107558165845,41.59284615400461,15.230054381274591,55.0962337656778,68.30441600585756,69.05357747840274,15.230054381274591,42.936762190723904,69.05357747840274,44.88/16.19
2022-06-22,33.23132278775751,38.43610558957999,41.9757238524744,40.757861959811535,37.90224801455375,34.757031474875475,68.84892225448732,51.2842149635032,74.41137863475834,59.01211260330076,33.23132278775751,41.36679290614297,74.41137863475834,48.06/14.68
2022-06-23,40.26118195924012,51.76991917073708,41.873367926215614,27.89292638214473,33.72397767932839,38.7287660517038,64.40793092890812,30.02514209346126,53.369976270065905,57.79450474900724,27.89292638214473,41.06727494272786,64.40793092890812,43.98/12.3
2022-06-24,40.95824332216946,32.9952596155056,35.71252837125388,41.16799992474781,39.76266297912639,38.677587035191046,45.13129591509676,51.45919637505191,43.27686836194085,59.71377341703009,32.9952596155056,41.063121623458635,59.71377341703009,42.89/7.78
2022-06-25,44.12909770432991,38.10702080545202,48.21939515571441,49.69214187649818,44.35355131048639,43.35844099980155,32.75704968103226,42.33314260500112,53.53664231218907,60.96018098292243,32.75704968103226,44.24132450740815,60.96018098292243,45.74/7.91
2022-06-26,42.05173993814493,33.059136396798024,46.42811097379478,42.58594182401978,41.64377546293237,46.12272690714103,18.58830744737172,50.44874200318952,61.892137074104895,66.23172592670383,18.58830744737172,44.3543343655804,66.23172592670383,44.91/13.48
2022-06-27,39.47142606930221,43.59606760856671,47.81632572065626,35.13888263450157,43.521012391103405,42.65842279954351,23.76223015064745,43.70932287388432,57.38873315629751,69.1517209679248,23.76223015064745,43.55853999983506,69.1517209679248,44.62/12.17
2022-06-28,41.14678344933306,33.907563734616616,38.95364883451567,41.83503013454259,46.3013160549531,33.20283124111887,30.223552044570933,32.84838012754679,46.05214926097986,68.54641694392473,30.223552044570933,40.050216141924366,68.54641694392473,41.3/11.11
2022-06-29,38.37688009315206,34.24897801821753,39.71575189523995,34.54821940418135,41.17829525627903,49.0406068058488,41.30559188633172,42.34610350263172,49.2337379223177,50.68770585818744,34.24897801821753,41.24194357130537,50.68770585818744,42.07/5.89
2022-06-30,41.68351453997704,39.06721931725106,48.91816773970349,40.85656608074948,48.19248228426018,45.2536667194934,29.299974134328643,42.73147404810192,75.76574608551434,65.5149867570318,29.299974134328643,43.99257038379766,75.76574608551434,47.73/13.47
2022-07-01,45.43054700865177,39.71591289718211,42.64685286523673,40.39503045552572,50.41936310470197,37.89281050313495,27.1441976569536,59.712189770563214,70.75446953257912,57.66503357108521,27.1441976569536,44.038699936944255,70.75446953257912,47.18/12.68
2022-07-02,38.661512328539466,38.040947525258886,40.081112697152605,40.18785846882975,40.43580486171032,46.41174303974594,39.42015562214127,30.07150195777967,48.21517506754066,65.66266249281477,30.07150195777967,40.134485582991175,65.66266249281477,42.72/9.42
2022-07-03,42.63655002350885,40.11151611771516,44.01182719149976,38.49594957984477,49.39033735689485,44.464247384945565,33.256227793961315,66.34898838201522,71.21084601416128,58.55412844260793,33.256227793961315,44.238037288222664,71.21084601416128,48.85/12.51
2022-07-04,38.86514028037159,31.353278137917272,35.00431933593498,35.82506742172038,35.98834689020665,38.48902625601994,53.49100153290279,50.72308789401227,69.13520322777694,65.40325086601923,31.353278137917272,38.677083268195766,69.13520322777694,45.43/13.47
2022-07-05,35.711920749241514,38.81261364182374,37.11525152537188,42.79253382325723,27.90771281307691,46.54530529548236,43.58236770466063,64.75953864463668,60.069100045983205,61.75246000824815,27.90771281307691,43.187450763958935,64.75953864463668,45.9/12.37
2022-07-06,36.3080057869133,40.64373090382284,47.41348748639357,44.034594524746126,35.65945398611448,33.68975191023059,67.01533370140072,33.7978005068251,61.997679140413744,58.84530635041466,33.68975191023059,42.339162714284484,67.01533370140072,45.94/12.46
2022-07-07,36.13540150191299,49.03000275547858,43.47048793397898,30.553213487735757,44.129980531040125,38.05218817517823,37.43254993196248,50.73036903823771,67.74869665120477,67.51462580989323,30.553213487735757,43.80023423250955,67.74869665120477,46.48/12.68
2022-07-08,43.62211565729505,46.10212277841569,39.03542180713506,40.01991236887208,35.61791194322344,34.45043679466927,42.80946647118172,61.924037041622434,48.40910935482642,60.3748014990687,34.45043679466927,43.21579106423839,61.924037041622434,45.24/9.44
2022-07-09,45.21768317025488,45.38767646232956,38.37751423116848,36.49369531808265,30.41254306154153,42.36777801004298,18.161965188274884,53.35849772165976,71.78159482018742,60.53913846232132,18.161965188274884,43.792730590148935,71.78159482018742,44.21/15.2
2022-07-10,45.77147168715129,40.30982349733968,51.787829265483246,34.84645511170826,42.42386768526857,46.73738871448391,53.48651882270092,45.44487216023408,61.15417336253299,51.26170496070527,34.84645511170826,46.2544302008176,61.15417336253299,47.32/7.45
2022-07-11,40.610248417300895,44.87962796336827,35.38748289614573,38.77867147330359,34.74356331935572,43.32145366255131,10.76845988364392,42.2172224328179,51.00020202797381,55.40061957240541,10.76845988364392,41.4137354250594,55.40061957240541,39.71/12.03
2022-07-12,45.35312129972773,48.17293430126053,39.2181335110924,39.95449010137727,45.57226886095789,39.19514696929913,52.43659979824233,58.37514609525644,43.79941936629582,60.12740119280024,39.19514696929913,45.46269508034281,60.12740119280024,47.22/7.59
2022-07-13,38.26243979062372,40.230617780980246,42.50709685172974,52.74824710516488,48.03328863916956,38.45403834884712,58.7153882021987,50.55885631353402,33.682000728227536,55.247021996476064,33.682000728227536,45.27019274544965,58.7153882021987,45.84/8.38
2022-07-14,38.12324854628383,38.37670421688358,42.48556800082728,41.514817752391465,40.87311627000553,40.967444834608,24.594564222574228,60.07077712040713,45.65310751680129,50.52743057706558,24.594564222574228,41.241131293499734,60.07077712040713,42.32/9.1
2022-07-15,38.32533761755508,43.887976612352055,30.287971246847448,46.625253816325696,37.2143312084252,40.96442448178295,15.358936335694487,46.331036204723006,66.67512080138846,60.80590221906184,15.358936335694487,42.4262005470675,66.67512080138846,42.65/14.48
2022-07-16,49.47623620437871,35.4329540698119,44.38458039487549,45.607049953399375,43.905717494850414,31.82347708447328,48.391436411976294,59.82013126351317,51.529111557587086,67.72956397862356,31.82347708447328,46.999243182687835,67.72956397862356,47.81/10.53
2022-07-17,39.977078547481625,41.52496468025745,44.045521296018,37.15016883659487,37.27884070147444,45.04455902327975,34.40876695596916,38.64299914544679,58.80483764091508,67.63869471337236,34.40876695596916,40.75102161386954,67.63869471337236,44.45/10.6
2022-07-18,43.51687633013961,31.052930667181517,37.01262640592374,40.49454406685527,44.47635588325044,36.2007243608994,11.838768413215227,64.5854944749484,71.70758356518854,63.837002354887886,11.838768413215227,42.00571019849744,71.70758356518854,44.47/17.97
2022-07-19,36.805080022412426,42.55620235163779,36.10730312593483,36.75418485949055,36.99422224942473,32.75544691641412,26.918880822703574,64.50804551637239,48.7359463505594,59.591469877977744,26.918880822703574,36.899651135918575,64.50804551637239,42.17/11.97
2022-07-20,40.86268479385132,44.302791363096745,33.05136051120514,37.775226060406354,37.15414953720718,39.96447609750187,30.729751819282363,34.70478058621386,56.44695316104186,60.94766823035479,30.729751819282363,38.86985107895411,60.94766823035479,41.59/9.88
2022-07-21,39.420355512978944,40.51667023341462,51.70393932826758,40.35175754456289,43.064298806845336,40.056763365516765,53.66350316418356,68.2535873235087,37.45702903482376,66.8606372587285,37.45702903482376,41.79048452012998,68.2535873235087,48.13/11.54
2022-07-22,34.08272607335701,41.733258224648594,39.13017781111292,36.58779933819013,39.06143321498889,37.89959006277231,57.84444499441252,36.37522324705336,32.21617312692243,59.95000838969113,32.21617312692243,38.4805116388806,59.95000838969113,41.49/9.57
2022-07-23,42.1804440562756,36.4846759886651,37.51480067221642,45.07809456474321,41.19128813946708,35.065142230149746,57.51531070228536,46.17898679921948,60.742730120492965,67.82412990284547,35.065142230149746,43.6292693105094,67.82412990284547,46.98/11.24
2022-07-24,44.98644786064476,31.266893492600246,45.59713765405583,38.30517033993231,43.37364568573603,39.822877287411465,21.547442316784228,55.16867411029151,58.85130284148306,66.47357780263253,21.547442316784228,44.1800467731904,66.47357780263253,44.54/13.2
2022-07-25,32.966378570082234,29.185380402627164,50.29908230809738,39.289144375052274,29.09689981302464,40.98946662540512,36.95788241239436,45.92548062008083,56.881405922437175,53.39877726011456,29.09689981302464,40.1393055002287,56.881405922437175,41.5/9.88
2022-07-26,40.75291577510175,33.12052453809908,45.53868299993093,32.8438082061742,40.94455828522701,36.55238082881308,45.66587863939148,34.202585629860664,59.178014469683255,56.53167110527243,32.8438082061742,40.84873703016438,59.178014469683255,42.53/9.34
2022-07-27,42.63549577106243,37.401564131855125,42.3913123035161,33.49561509768738,45.47358262331667,36.980173476300635,10.732766010739406,58.24904842786109,58.29883018822144,57.71777276281458,10.732766010739406,42.51340403728926,58.29883018822144,42.34/14.47
2022-07-28,47.08076201110951,39.36950438033993,45.402194454424674,43.224080966912425,37.284905252996445,38.03752114861384,69.23190584885293,51.72255839727743,61.39058998956463,63.73147237036022,37.284905252996445,46.24147823276709,69.23190584885293,49.65/11.47
2022-07-29,42.0180813915605,39.30333493940324,42.2247975291896,40.83898461851544,30.19334840930048,36.44144260620055,48.219722371088686,35.630124303707305,74.11271349653006,60.20269842609082,30.19334840930048,41.42853300503797,74.11271349653006,44.92/13.06
2022-07-30,36.93389758856316,39.081355225609464,45.406288597719865,36.56683627468414,47.515978833584285,33.84004099777934,35.29527634059383,54.30296984874384,59.41129345196107,66.07921542340841,33.84004099777934,42.24382191166467,66.07921542340841,45.44/11.22
2022-07-31,46.49673148998838,38.12446414089293,38.29774776017572,35.3771791113066,40.0398584145577,43.93075874445313,55.98473615091511,39.43103105057367,33.388141333543274,65.33925514462095,33.388141333543274,39.73544473256568,65.33925514462095,43.64/9.97
2022-08-01,46.10553677564528,44.38059135716141,47.84860395579949,42.07858649680269,34.29246059806589,37.51065239095966,38.83450180767258,51.08338937283708,45.79055531684291,59.22059645906257,34.29246059806589,45.08557333700216,59.22059645906257,44.71/7.2
2022-08-02,36.06937569395888,41.275471367227645,44.4274491994802,43.55752235911666,47.17280547387819,37.51178196793682,44.39064939717216,44.29235896233441,38.82327886333095,52.79759529130882,36.06937569395888,43.92494066072554,52.79759529130882,43.03/4.92
2022-08-03,44.905932791201735,48.15755984693408,49.10983557874047,34.72580692063318,35.64068111564944,28.538225709314418,64.18387055394734,38.94328898037713,57.85383685914579,61.18243647763705,28.538225709314418,46.531746319067906,64.18387055394734,46.32/12.04
2022-08-04,38.10564029169867,41.69702944923862,27.148430830382413,38.29540260161078,36.978680955239895,46.01782979727266,41.01440475755837,66.69007330801043,77.69040097907362,64.32545269799435,27.148430830382413,41.35571710339849,77.69040097907362,47.8/16.12
2022-08-05,44.25335049514017,33.8467796911946,44.87286460578159,49.1349480855194,44.68168470362773,35.020742599122926,46.62993387267921,54.84517967350507,64.0145200627386,65.23067177587016,33.8467796911946,45.751399239230395,65.23067177587016,48.25/10.57
2022-08-06,39.119013291492216,35.872079416956325,36.19858496276716,39.03253494405316,37.00247905656077,39.05763070815791,14.181038014437616,37.88489856729687,50.35916367027504,56.50446060499568,14.181038014437616,38.45871675567501,56.50446060499568,38.52/10.91
2022-08-07,34.15086662270667,43.313737022427865,40.52926623198627,42.12856260726672,33.544519975514646,34.92714492024347,54.207563654859776,31.20278071944384,75.08082649083624,62.66498410588399,31.20278071944384,41.3289144196265,75.08082649083624,45.18/14.43
2022-08-08,33.11682382470687,43.12449379369533,39.59038701706808,37.93186234405781,36.08792875387287,37.46353159041473,21.220998350653577,36.58618308873003,31.576045285672816,68.9229918546876,21.220998350653577,37.02485733957238,68.9229918546876,38.56/12.18
2022-08-09,40.02822833575331,37.545586255078376,34.82870445634702,39.87351996737528,39.6010655184826,35.46110011702995,25.256896411452985,39.20132572853058,49.24457667803587,53.29719943591882,25.256896411452985,39.40119562350659,53.29719943591882,39.43/7.68
2022-08-10,42.55842488467356,29.197590062802803,40.87045071585788,40.01568105936372,41.315542929662165,37.01635631499408,33.70654521856568,47.70717371177988,55.26824641322652,67.49663515798076,29.197590062802803,41.09299682276002,67.49663515798076,43.52/11.05
2022-08-11,34.924202148007815,31.034106302142096,38.14630970427486,39.20415335287652,37.5768349003641,40.74228703044624,33.27736187282964,37.66014803340583,61.83864235777754,52.64011324611183,31.034106302142096,37.903228868840344,61.83864235777754,40.7/9.42
2022-08-12,38.26843136476066,39.16993269409635,36.33872266688672,39.93539718522871,40.79720538041045,40.89730540688895,26.54491347097782,50.11696328200608,53.81967032876319,61.928214967558766,26.54491347097782,40.36630128281958,61.928214967558766,42.78/9.98
2022-08-13,38.960697229466334,42.58167583315934,37.83935184957232,40.848882445575846,33.61735917551882,35.59432278166542,43.53792257046607,52.21617743222613,55.38652685640684,50.700012581793295,33.61735917551882,41.715279139367595,55.38652685640684,43.13/7.37
2022-08-14,31.971281256870924,42.85731265723281,34.78587319448564,42.50230296329637,39.62020311389784,34.209906173792234,23.948927655431262,50.142477082457766,59.9586688092424,63.73480057270137,23.948927655431262,41.0612530385971,63.73480057270137,42.37/12.5
2022-08-15,38.2670021167383,43.61065197389253,32.036986997413756,46.43708033914487,38.28032881149159,48.70992032538628,47.82790332482996,56.32731257966159,53.24913179839025,64.67367271632553,32.036986997413756,47.132491831987416,64.67367271632553,46.94/9.6
2022-08-16,36.18406490293817,29.73180014121809,48.79928081023338,46.12755157688719,31.948104725278043,41.20678733479885,17.84461342593095,39.964877604680716,77.13719974243935,67.36771784665795,17.84461342593095,40.585832469739785,77.13719974243935,43.63/17.6
2022-08-17,33.805526441805284,35.35497982566115,35.508882568651906,41.007731808194926,35.5055280056263,39.278692047221455,27.95501346671567,47.97239026057397,50.55343405206383,67.38897127286378,27.95501346671567,37.39378730793668,67.38897127286378,41.43/11.31
2022-08-18,35.3706422062315,43.485093142612754,35.9248530071708,45.44625760621888,41.63011623167069,38.99930415448994,47.68319523095947,40.83784369032498,43.87687674608991,64.50999693379703,35.3706422062315,42.55760468714172,64.50999693379703,43.78/8.28
2022-08-19,35.494421154611054,35.636811967017145,45.03490992478216,44.44912529362394,44.90728425929259,35.83721283964114,30.43515862199319,35.049135542819634,57.22858400808023,61.982216000849135,30.43515862199319,40.14316906663254,61.982216000849135,42.61/10.3
2022-08-20,36.29692011783061,32.85585475137768,41.84427041760092,44.662104284795646,33.575303957811606,43.12407058951623,22.95387979650167,55.45412715315778,70.32008324945033,63.218528201870114,22.95387979650167,42.48417050355857,70.32008324945033,44.43/14.65
2022-08-21,33.98223740369207,43.3904289557781,36.41434287593312,32.54563588823391,42.65689816086372,38.92658730292219,38.3523082093495,48.47192055146969,31.533196039703785,60.42515338426976,31.533196039703785,38.639447756135844,60.42515338426976,40.67/8.71
2022-08-22,28.79606837422051,42.420167293883566,41.063893117928245,43.61889045850066,31.98069522953352,34.00448874967556,42.88221437227613,43.22222781928382,58.68443832837634,52.13429579894945,28.79606837422051,42.65119083307985,58.68443832837634,41.88/8.98
2022-08-23,39.13515220197729,38.08892609561885,50.12987015930168,41.81270081158108,36.5865874253236,40.09335592913005,54.84507906264551,56.64540845408976,74.05601724255763,50.65217490559539,36.5865874253236,45.971285485441385,74.05601724255763,48.2/11.64
2022-08-24,43.06068589888927,43.33525514805496,50.81345694847221,39.05642655695532,30.541896081989776,37.213020344164406,67.140896358916,36.84617866091025,59.338126111869215,62.47861073771197,30.541896081989776,43.197970523472115,67.140896358916,46.98/12.36
2022-08-25,42.49018166178667,43.42251385630454,48.95581032931622,34.54723783499294,42.16378395277556,40.18711686460862,17.40356252798378,36.87107057070862,37.95273341552851,54.72038942599234,17.40356252798378,41.175450408692086,54.72038942599234,39.87/9.85
2022-08-26,38.85257481204964,30.192576468740693,41.723836058992006,44.23193912111233,35.01487718547308,37.4813783128544,28.18725192454896,56.1129585197285,51.45992940763156,52.40984027537174,28.18725192454896,40.28820543552082,56.1129585197285,41.57/9.48
2022-08-27,46.23950758374353,47.84993214926797,44.50571229548677,40.67828166592252,38.986822602919794,38.26776806348835,25.092205690723965,53.38747759169996,59.670322098203854,59.746537238192495,25.092205690723965,45.372609939615145,59.746537238192495,45.44/10.58
2022-08-28,46.75719846482959,33.97128217312921,34.78427698476231,42.53896393696135,40.37468819742605,45.538051653139114,60.746967934003614,59.20765856320037,31.845303066099653,58.59661603562618,31.845303066099653,44.038507795050236,60.746967934003614,45.44/10.87
2022-08-29,40.69508940175502,35.2589371293537,37.059611970435625,39.19528264946509,43.0490855446031,36.619425724997335,58.54608115484423,64.52878469429132,50.59542951092767,58.906831019874325,35.2589371293537,41.872087473179064,64.52878469429132,46.45/10.82
2022-08-30,46.41612537490284,37.618510706533506,35.913857549578125,41.11076098805019,49.54906385014157,41.61230754961575,24.34491880644416,65.87943284954287,71.93611763792245,69.47325128788785,24.34491880644416,44.0142164622593,71.93611763792245,48.39/15.84
2022-08-31,35.956312408191856,36.72689985698571,43.73026337207123,38.30324721433364,32.87672936242763,38.15354837154876,54.93891054681422,63.86098795660337,54.741549752933885,69.14993630024486,32.87672936242763,41.016755293202436,69.14993630024486,46.84/12.86
2022-09-01,45.58308813490028,43.94994540224141,36.86828154661488,33.6956038124294,28.994154154609863,40.94474350475537,25.03146155700968,43.31741016631905,76.45106302022293,51.76300376845459,25.03146155700968,42.131076835537215,76.45106302022293,42.66/14.34
2022-09-02,34.849549925306256,42.57525270826554,46.70899219839023,48.306097316254906,46.52871773999348,43.39217447196601,62.59932580370669,68.35542217092407,43.55391443366594,55.82370395805783,34.849549925306256,46.61885496919186,68.35542217092407,49.27/10.11
2022-09-03,33.36355021092945,42.60034736288174,36.26238099593812,41.79325787637212,40.52744295294388,46.02552396340653,47.794495496457216,36.22060582677181,35.510166460853895,53.59862324008901,33.36355021092945,41.160350414658,53.59862324008901,41.37/6.38
2022-09-04,46.813005072250455,36.12698841338143,42.77573916465225,38.823764503859664,38.11270294045137,43.61016715027058,48.1687513243468,41.9760763626774,78.32278328613262,65.61526968384476,36.12698841338143,43.19295315746142,78.32278328613262,48.03/13.49
2022-09-05,31.43163619820465,43.623220813915545,32.45883866438254,37.69039991756053,31.99685874642068,36.541957315882925,33.394697552411486,65.15806631556345,49.13545750556028,66.07701251580892,31.43163619820465,37.116178616721726,66.07701251580892,42.75/13.29
2022-09-06,35.82170694676416,37.414357779543806,40.294151618438384,44.81437067636977,34.607322407402535,41.73328222910348,15.50902399630858,61.59003575813002,37.15550957688605,61.77246106580102,15.50902399630858,38.8542546989911,61.77246106580102,41.07/13.4
2022-09-07,39.11324960610568,33.45764493551672,42.0361397168925,32.87375835212417,45.1238841838749,37.12303837871052,35.17539455605504,63.658965077539655,39.45084499991624,64.09793561045169,32.87375835212417,39.28204730301096,64.09793561045169,43.21/11.52
2022-09-08,34.682214698424374,46.55068376258464,39.0716869981804,35.65140726621016,38.53440248349957,41.50483901387143,47.77617778268344,45.558239036280725,50.72106241320952,68.2171885830008,34.682214698424374,43.53153902507608,68.2171885830008,44.83/9.8
2022-09-09,40.38287768853655,33.69392256770478,36.44391597464918,34.63342616992472,33.85348469999123,42.958304751456815,62.780180299963554,57.12645491486877,39.21302390337033,55.57886400329184,33.69392256770478,39.79795079595344,62.780180299963554,43.67/10.8
2022-09-10,43.25047535683546,39.58112064494018,37.18671459408025,41.23195313707638,39.24738231002488,40.44249414519895,44.04093131294092,62.05072558586319,79.28507737684248,60.548408233661185,37.18671459408025,42.24121424695592,79.28507737684248,48.69/13.88
2022-09-11,42.761537448744406,41.71522360112815,43.62138255282961,36.699638376110585,35.800536112209805,35.515325299903,34.84940281598655,41.64103853219795,40.16199119009684,67.16952069143797,34.84940281598655,40.9015148611474,67.16952069143797,41.99/9.43
2022-09-12,46.55048888782069,41.52133488463669,37.90925060067436,40.80894232916451,43.52778415316219,44.07143731238731,21.85002634942829,30.9567162816576,56.46856595422834,56.129084718779325,21.85002634942829,42.52455951889944,56.46856595422834,41.98/10.45
2022-09-13,39.60991254282901,39.07493415436134,42.13287004194876,41.37954508777221,43.48528998680487,36.38573070934694,59.288445631198606,34.70016319205736,64.72966126045137,63.15164655799792,34.70016319205736,41.75620756486049,64.72966126045137,46.39/11.41
2022-09-14,39.60024787082788,43.59133957324691,42.621683186246194,45.45776183336938,39.09548516112986,43.64225991136352,36.72773583727461,65.1637453284137,48.49281564850535,62.39433907178218,36.72773583727461,43.61679974230522,65.1637453284137,46.68/9.63
2022-09-15,35.79317414747376,41.97929166861909,32.88232710427418,35.879483292590585,44.03697016137039,34.25613662298711,22.26903955366126,34.30339957705851,31.44126094866332,59.48976580106188,22.26903955366126,35.04828686226614,59.48976580106188,37.23/9.79
2022-09-16,50.0,50.38351277465833,51.51595537951649,35.55899830373654,43.14527828623143,45.1459706627009,60.36567060637391,33.29877612016127,48.74149767290166,68.97381302203496,33.29877612016127,49.37074883645083,68.97381302203496,48.71/10.61
2022-09-17,41.70288750267651,31.91346156875333,36.12837440667544,37.46560212028473,36.79900714125243,35.55588070943515,43.03731062963181,38.3577327434552,40.18948691207338,64.00878590105917,31.91346156875333,37.911667431869965,64.00878590105917,40.52/8.85
2022-09-18,35.23237841173385,42.4152133707377,43.27436315257789,39.13044424426288,39.41597171649424,53.17111511666642,42.78147001639445,62.429203136061055,53.31034997489627,52.02024301233435,35.23237841173385,43.02791658448617,62.429203136061055,46.32/8.48
2022-09-19,29.434201204994288,34.667396971432176,40.48352967310527,37.75833619049857,46.99992753645138,33.23926460744774,23.05759587889796,50.752468642341015,73.27038230165556,62.69838883435111,23.05759587889796,39.12093293180192,73.27038230165556,43.24/15.49
2022-09-20,36.669036079106505,38.96666458220505,44.26580921796893,44.48946573325704,40.70370852487088,34.727942421460746,22.17780884720488,47.366899221101946,62.41757653123452,58.3595997160933,22.17780884720488,42.484758871419906,62.41757653123452,43.01/11.54
2022-09-21,37.47338118866806,46.01271436959755,34.15943529390591,42.21423088217954,39.65073018197992,39.56717170510145,17.61667474547257,47.178024681720345,61.60022401968605,60.45934150645982,17.61667474547257,40.93248053207973,61.60022401968605,42.59/12.7
2022-09-22,34.47374895425897,52.51835051023647,37.4755108119775,42.034411704175284,38.243412009650655,35.81969853050073,44.33765200248292,33.00388014936643,43.538936310791364,65.01325304023257,33.00388014936643,40.13891185691297,65.01325304023257,42.65/9.74
2022-09-23,50.0,39.1351544021122,48.191290013453056,27.03878808349753,53.78651729945632,41.86891553156021,38.08200649344263,69.26758612505958,68.27833835667246,59.15556365896318,27.03878808349753,49.09564500672653,69.26758612505958,49.48/13.57
2022-09-24,41.59023474156062,42.2687823342279,44.122025373728455,40.12398266953494,44.80753607140458,43.62351345178436,12.454803089790971,30.587129606003582,56.24966424972514,55.90593614533,12.454803089790971,42.94614789300613,56.24966424972514,41.17/12.52
2022-09-25,41.712908413963966,40.02645786584568,39.69628272325535,43.01828377315169,45.00653830938188,39.06848501674646,10.604149314005353,49.13926152922545,76.42963316587168,69.0947330274053,10.604149314005353,42.365596093557826,76.42963316587168,45.38/17.86
2022-09-26,39.80463999142199,39.11234531767673,34.93929534821626,47.50519113577105,44.456029557278214,40.81199666618262,13.086469130939165,32.426777510981005,58.40976448372211,64.08506561418422,13.086469130939165,40.30831832880231,64.08506561418422,41.46/14.07
2022-09-27,40.46562715567404,42.8763517747478,36.79834253842318,40.81422302332764,35.90286083385983,42.97022481638883,40.14682256098484,56.02422021886841,66.56220471006561,59.28264706845761,35.90286083385983,41.84528739903772,66.56220471006561,46.18/10.52
2022-09-28,35.384858087724474,33.70992731430675,37.13155976244053,42.72537709472072,35.08578311326988,38.04346962222408,22.36342376263172,66.42474162441786,60.50610834938772,61.24613547483239,22.36342376263172,37.587514692332306,66.42474162441786,43.26/14.45
2022-09-29,36.021816109272386,36.762411994201656,49.50007738442308,38.11989791631129,41.42267868130099,54.28163407551962,15.643210142446,50.810080291117565,44.4925397627183,64.3800109564051,15.643210142446,42.957609222009644,64.3800109564051,43.14/13.13
2022-09-30,39.32788188929495,34.33079800640596,42.51871600426272,32.27967297762261,40.729157882666875,41.97335034121046,65.47195621738832,56.75027960166659,39.40302805656073,62.0890778208551,32.27967297762261,41.35125411193867,65.47195621738832,45.49/11.64
2022-10-01,40.816214370064706,40.06863028789255,41.95422814277567,34.83514244197558,47.29270430165957,39.0024807669568,62.0197988196736,37.84004408088819,62.33211948493563,66.08051597780391,34.83514244197558,41.38522125642019,66.08051597780391,47.22/11.7
2022-10-02,37.35968919173857,40.39958209543364,41.60464482485016,41.90192070716352,46.38386978466049,30.113122816752323,17.102975372355306,64.22121339515252,58.32249402761698,58.51397316142767,17.102975372355306,41.75328276600684,64.22121339515252,43.59/14.19
2022-10-03,34.77170108864463,34.060918724741384,23.722101537858183,40.25037503248807,32.06411997842595,41.2594085928956,19.89629453428157,48.34126218426985,48.507971241988415,50.600001771078205,19.89629453428157,37.51103806056635,50.600001771078205,37.35/10.44
2022-10-04,36.44967648213807,36.82250248902877,43.93669570977754,47.137250101065845,39.86695500801181,43.50241823588124,60.63669269978586,31.93111737624911,77.45869066766521,68.74428746377606,31.93111737624911,43.71955697282939,77.45869066766521,48.65/15.18
2022-10-05,41.07027360966259,44.5832617436841,39.10846228144202,31.52812093670815,45.93434539533053,39.91248939656326,47.53139425204127,38.36950420842157,67.5934855054772,56.642566587541374,31.52812093670815,42.82676767667334,67.5934855054772,45.23/10.3
2022-10-06,26.454867484735,41.79814976537448,41.72081952961848,35.44372934589476,40.79596749678766,33.41243148374208,24.297024512111484,63.4306924296423,34.09800040570112,51.7143396496883,24.297024512111484,38.11984842134121,63.4306924296423,39.32/11.63
2022-10-07,43.27352964442731,40.09966031888566,37.859265090013544,40.2457649123249,42.59406042204334,42.95910219320928,69.64940042151683,67.19275021531979,79.30812516561784,57.03429228778673,37.859265090013544,43.1163159188183,79.30812516561784,52.02/15.05
2022-10-08,42.55745055445229,38.3381950684251,32.45339363837294,37.90071784955103,39.95613194117402,46.75744390138097,26.77097002011443,61.327880206765926,66.19865910571453,54.81307503508303,26.77097002011443,41.256791247813155,66.19865910571453,44.71/12.61
2022-10-09,39.32576678469445,37.411234722262684,33.55127697841567,26.341233750852503,44.32501660444691,48.373384141100686,15.013467703652967,39.57024810495378,63.13006908914578,62.17577383623372,15.013467703652967,39.448007444824114,63.13006908914578,40.92/14.78
2022-10-10,39.18881495418458,41.03890879376754,27.732714346697534,47.44617426828282,37.55669895554683,39.53972046140327,40.45713052100226,58.81632752891917,44.43535988071605,60.296397722830164,27.732714346697534,40.7480196573849,60.296397722830164,43.65/9.81
2022-10-11,41.14699923184638,39.52324889925347,42.37298279149061,42.2804138322018,38.41975727689187,44.48708165035893,10.337595849737712,43.992529586339785,44.51209066984315,54.91374732460756,10.337595849737712,42.3266983118462,54.91374732460756,40.2/11.42
2022-10-12,44.36931693950503,30.14041455091722,33.17417642093384,36.27160749993513,40.10480667574744,39.10822844830366,56.19105822871382,42.373684685423086,37.32501764568033,60.52825325281624,30.14041455091722,39.60651756202555,60.52825325281624,41.96/9.64
2022-10-13,39.39159378451987,35.492389671068935,35.623885790676674,41.4947558583213,39.28470392190669,33.08094261200965,19.579794714302047,62.99421404048464,69.864834090811,56.865919308149785,19.579794714302047,39.33814885321328,69.864834090811,43.37/15.27
2022-10-14,29.725901080705373,31.95583361802516,50.6609817781136,49.453044296086745,38.27845658908258,39.371535239866006,34.78918161782283,32.013728149903386,77.73432145248607,69.54637008330549,29.725901080705373,38.82499591447429,77.73432145248607,45.35/16.59
2022-10-15,38.43535571864738,36.50565942425175,41.69553624215588,35.39351038125268,43.45869419116258,48.25588107576972,26.811459505441174,38.3411233828636,53.38047156662605,50.3903827806546,26.811459505441174,40.065445980401634,53.38047156662605,41.27/7.93
2022-10-16,39.85242869372244,39.02527006305207,36.37297142122149,39.08121646511431,43.05474581855202,37.403926475090685,67.18060888221429,33.95368056715429,68.53403725258629,63.157408955111535,33.95368056715429,39.46682257941838,68.53403725258629,46.76/13.74
2022-10-17,41.66385442925459,41.61251224854576,40.25303923069261,48.99147036627865,29.102273393280733,43.59714361408812,42.57810013710816,62.51683464294359,40.90190976582824,58.03757214587032,29.102273393280733,42.120977283181375,62.51683464294359,44.93/9.52
2022-10-18,32.63917960590944,30.960366865910068,39.54429096974351,47.20247617797855,40.7684569922442,41.134382335720495,48.667277155500464,44.07970856352243,36.98644694674648,53.8241504757179,30.960366865910068,40.95141966398235,53.8241504757179,41.58/7.12
2022-10-19,45.51111280958751,41.70457768429367,43.59328654733108,37.79620286541331,43.149493533999326,40.43376831146329,45.661276063861045,37.0782892203007,71.11879442303801,53.34255656716401,37.0782892203007,43.371390040665204,71.11879442303801,45.94/9.97
2022-10-20,43.17658516826541,46.53544541725691,42.68744916092853,34.31476478889169,33.77989851313994,42.174055776380456,14.649094573368451,47.97079324839624,54.958018449225726,68.15739062498685,14.649094573368451,42.93201716459697,68.15739062498685,42.84/14.05
2022-10-21,34.23162984323412,33.386739814253446,42.96523672182646,39.35912752723773,43.93760995971119,32.37187775395125,21.120594205369017,57.9961837290672,68.56019212767973,68.46513376047477,21.120594205369017,41.162182124532094,68.56019212767973,44.24/15.94
2022-10-22,34.45306398777665,42.87172725210066,38.29409360536478,36.74474666010288,41.40118453178954,41.2429603267057,62.92530814384285,32.41320754385783,76.00356410910803,61.043646033922,32.41320754385783,41.32207242924762,76.00356410910803,46.74/14.62
2022-10-23,39.417287650352726,33.85428645679267,42.2089722174095,36.29327058109807,38.25407788849744,38.3384879743838,56.8554257998302,64.79358441769098,64.68023844736291,64.67634436098966,33.85428645679267,40.813129933881115,64.79358441769098,47.94/13.12
2022-10-24,38.469750678500446,29.710800997816246,39.83942177104434,36.02245277091594,39.20886845428027,34.384155219786805,61.00506738048252,47.01372701013938,39.1563094208543,60.95032010729727,29.710800997816246,39.18258893756729,61.00506738048252,42.58/10.65
2022-10-25,38.85714106847119,33.60257892606758,47.808070804787846,39.9725812477846,40.36627515993997,39.61066233001339,67.40358858200099,66.08172271617718,35.38883555411778,52.5869644804272,33.60257892606758,40.16942820386228,67.40358858200099,46.17/12.17
2022-10-26,37.97804151219072,35.0567559081907,41.0630613095128,42.94641491691765,41.76300717097602,37.33456041921272,69.28425182531265,57.49167425722786,50.13717211520217,54.67645089258705,35.0567559081907,42.354711043946836,69.28425182531265,46.77/10.91
2022-10-27,41.70758511910197,47.7928548221666,40.49176295166106,46.03478396187168,41.47718674450856,36.77519939522733,48.62386792457453,66.07117611112008,79.46100724045095,55.47837773522677,36.77519939522733,46.91381939201914,79.46100724045095,50.39/13.27
2022-10-28,36.80030458989347,37.65131234199114,37.3273551445424,42.64104118365093,38.76530876596555,44.104891237018585,37.52087610980263,37.40781176332145,79.7841739903176,56.30279428119338,36.80030458989347,38.20831055397834,79.7841739903176,44.83/13.65
2022-10-29,40.92350612540392,38.27384138500936,40.34375074909784,36.11761459122999,43.27275747664907,44.75839086837545,65.73459427601625,53.16184112586285,65.24976151071547,69.50428479086021,36.11761459122999,44.01557417251226,69.50428479086021,49.73/12.69
2022-10-30,45.12233275345933,37.779561855505335,48.6404215310848,39.48142071373987,45.65311209593424,39.38397964834415,30.36000365259664,62.89203332022608,68.23355881433675,52.766236979860565,30.36000365259664,45.38772242469679,68.23355881433675,47.03/11.65
2022-10-31,40.23544158589444,43.527238930921015,44.784712902225486,45.10200411948935,28.92529998544289,35.43729015416204,55.782489754159215,52.57051195028595,73.4596458525453,68.84888537872249,28.92529998544289,44.94335851085742,73.4596458525453,48.87/14.05
2022-11-01,33.3027462712048,28.29230530331593,43.75050772923608,45.92124954295564,30.157185701100644,45.18194580092002,63.72035818805192,39.8247104995022,47.02205086676871,53.94344168834716,28.29230530331593,44.46622676507805,63.72035818805192,43.11/10.87
2022-11-02,36.48240637792844,40.32464104012889,40.77230755676783,41.73008427956127,43.33377374199318,46.48152996633144,36.46572253205282,69.21997055635907,47.363601290188,61.139926512951774,36.46572253205282,42.53192901077722,69.21997055635907,46.33/10.73
2022-11-03,35.913002894148136,37.3705788589216,43.471361306555,42.90136169303118,38.58396830240924,35.331089820492025,40.91861288589483,30.312055633863118,75.95861905871584,56.56330596540046,30.312055633863118,39.75129059415204,75.95861905871584,43.73/13.29
2022-11-04,44.46306882303669,39.6303426314767,43.80677335830745,39.55328210584913,45.10661917022036,36.072020811722446,29.84499658253237,62.27377959739184,72.82530177382071,50.12269203736021,29.84499658253237,44.13492109067207,72.82530177382071,46.37/12.69
2022-11-05,42.37569244961098,39.94317208908095,36.79300692654087,41.24152816804391,47.45578901335745,45.12612021045191,51.27535919097888,55.52940684893386,41.76680263587497,63.80643452063244,36.79300692654087,43.75090633003144,63.80643452063244,46.53/8.24
2022-11-06,43.15550550009844,43.08949523637946,40.41180592778089,45.5625572440145,37.88382930135088,29.88474244079916,49.635010520692745,54.28412359502311,40.86896264254763,54.46048793887993,29.88474244079916,43.12250036823895,54.46048793887993,43.92/7.53
2022-11-07,46.14819339790673,43.67053984996076,38.55841474067139,41.04086955707104,39.7654459268748,42.57457825664632,56.603063958914845,54.33375700172351,46.65576953027579,51.48275176749864,38.55841474067139,44.90936662393375,56.603063958914845,46.08/6.22
2022-11-08,43.77281504928097,42.897709810587855,50.22907442188408,43.71299531720265,42.84676731514773,37.29731834761057,30.876903768828228,63.22722178326269,63.17849904548139,53.27983278695146,30.876903768828228,43.74290518324181,63.22722178326269,47.13/10.46
2022-11-09,39.224319538850814,34.550936000232966,44.41466278000296,39.994005728865126,40.04811681011719,33.26914620582643,18.98427937683196,59.24502481688907,38.69798971830812,60.43569864922769,18.98427937683196,39.60916263385797,60.43569864922769,40.89/12.1
2022-11-10,44.70350534673263,32.50626197395606,36.518444823463845,42.74740913944284,43.71797908120445,42.96853969106386,15.148467893012374,46.83924159950231,67.13242262850176,53.58242839851507,15.148467893012374,43.34325938613415,67.13242262850176,42.59/13.49
2022-11-11,37.93938848448539,36.67952619575355,39.87679247653757,37.94884048111603,43.261078406068776,29.882101757240207,14.63274910532472,42.80890929207577,31.135299349283287,67.06035714749673,14.63274910532472,37.944114482800714,67.06035714749673,38.12/13.16
2022-11-12,35.9989125464186,35.80839532977325,33.14715428706953,47.87120475477682,48.47177975466686,47.02441579499605,25.196620966337026,68.47205162766213,79.47451508362289,69.41948823121622,25.196620966337026,47.447810274886436,79.47451508362289,49.09/17.92
2022-11-13,34.72832245774008,44.16854540274592,38.728993355626756,49.8217386787402,41.87137864080254,35.41787125173447,40.148680997515285,52.96309664412348,33.63934219286822,66.74835626541864,33.63934219286822,41.010029819158916,66.74835626541864,43.82/10.25
2022-11-14,35.10696526766053,36.75529575087189,36.50923506501872,34.82896658920112,40.81370770591833,40.936113155213135,63.08041552838191,62.27956145985364,70.92993577912421,58.16264238775384,34.82896658920112,40.874910430565734,70.92993577912421,47.94/13.98
2022-11-15,36.50613146752922,39.68493003514977,36.72779353769745,40.45973507743598,38.665845468924296,42.75263581037245,20.52037277104214,48.88337495506741,70.81282021054858,58.14980190720391,20.52037277104214,40.07233255629288,70.81282021054858,43.32/13.58
2022-11-16,34.11105063480732,40.34689421599048,40.61795632061944,42.10385812351985,37.08860053563756,32.24827418998488,51.21821526205876,43.22222781928382,58.84781731182279,51.03115711753496,32.24827418998488,41.36090722206964,58.84781731182279,43.08/8.34
2022-11-17,44.05118727506613,34.70449174598056,30.27407800955719,35.33070710373427,38.36775027114157,38.02235437867664,26.836080757761763,66.07242680597518,62.633144817288255,55.42892637152228,26.836080757761763,38.1950523249091,66.07242680597518,43.17/13.62
2022-11-18,36.454337953893,44.038041233192274,46.20251396693298,37.85285350542098,34.732778947737714,38.67598175520311,20.73903384619262,48.96874898559382,69.02639716459645,54.61021996530823,20.73903384619262,41.35701149419769,69.02639716459645,43.13/12.96
2022-11-19,42.56157766091418,43.69686459119136,40.85183591910055,40.65270746539995,32.45474818475792,37.45915717634805,46.28502276214347,53.359034033333735,32.6386132722793,55.29056229156427,32.45474818475792,41.70670679000737,55.29056229156427,42.53/7.65
2022-11-20,39.63678365639703,41.54803070219449,32.048263308996944,41.32429368633783,36.67660324833732,41.34604760138171,30.219477277134917,56.16788737374115,74.67314998511841,57.754745035134356,30.219477277134917,41.33517064385977,74.67314998511841,45.14/13.71
2022-11-21,42.79455031801511,41.39309010592858,39.59963159580519,43.02735609243887,36.80755592967051,45.993044990713926,64.77587815933512,68.98852063376356,48.71943007681517,62.40577828696658,36.80755592967051,44.510200541576395,68.98852063376356,49.45/11.57
2022-11-22,46.30966491135926,34.790089222405165,41.97214723364654,31.56544457113992,45.04089068819691,41.04600922664453,39.831277208963776,32.42573451036665,77.19132589054762,59.42454777447472,31.56544457113992,41.50907823014553,77.19132589054762,44.96/13.91
2022-11-23,41.61674780694366,37.9961529555487,37.30131496831755,39.31999659048225,41.54630081683806,46.94936106557196,43.795223409457016,46.96645229411558,56.93533751660161,50.44629901361722,37.30131496831755,42.705985608200336,56.93533751660161,44.29/6.15
2022-11-24,41.13272654751656,42.30272099575274,40.61998855664758,38.031814938456556,43.44091169045889,28.873877111321928,12.271552557392203,33.96223852629113,57.38016498615387,60.0071436107546,12.271552557392203,40.87635755208207,60.0071436107546,39.8/13.56
2022-11-25,35.17220063935304,44.097806198887305,43.608040988042745,29.941600709195587,37.20865448236614,44.13109786704268,45.17440219331901,54.9807698325847,51.39822764943008,55.20641452412778,29.941600709195587,44.11445203296499,55.20641452412778,44.09/8.33
2022-11-26,41.17394007908199,42.16565395712743,41.74517778854742,50.04777937428911,46.86546774723882,43.5822355661843,23.27474623915973,63.2951361492521,78.13761349376401,68.1738846405155,23.27474623915973,45.22385165671156,78.13761349376401,49.85/15.89
2022-11-27,39.01509273051831,48.725490094015946,45.89007057037904,38.08713228860152,47.725452227584206,45.33700345651495,69.25627788632647,34.608706561082,30.335481525871494,66.023428683174,30.335481525871494,45.613537013446994,69.25627788632647,46.5/12.63
2022-11-28,46.85719481503298,38.53086721025584,42.12176626964466,39.98469196275112,36.760679846778295,41.36741870373218,59.17207493254958,37.247285844877815,63.761187415824125,50.2977781719875,36.760679846778295,41.74459248668842,63.761187415824125,45.61/9.41
2022-11-29,42.95570544960345,41.91441579157118,41.98206551976752,33.285316388518034,42.3933065573585,34.78041070256393,24.992885551266603,36.41045411258684,41.739847583289,63.88894511723348,24.992885551266603,41.82713168743009,63.88894511723348,40.43/10.02
2022-11-30,40.28458334893477,42.17511567632023,41.39774331408422,38.59608118808254,45.89864917037932,46.01959662932389,59.323564949084066,32.68169011343375,34.05921115859863,67.68367040781993,32.68169011343375,41.78642949520223,67.68367040781993,44.81/10.94
2022-12-01,45.49009387561515,48.87318353477474,36.1773313135125,39.76324447526396,45.127354723534296,36.46125242696713,19.61159954223648,41.982953194485845,70.53111832160431,54.26209929869727,19.61159954223648,43.55515395901007,70.53111832160431,43.83/13.21
2022-12-02,34.49547462777258,47.184783765697965,46.71965286337618,48.081162739470464,41.213562395195765,32.44403544777619,27.45917176493912,44.13040415282085,68.25937330807821,63.8761038492391,27.45917176493912,45.42502850809852,68.25937330807821,45.39/12.93
2022-12-03,36.81857304154443,47.45697377421135,34.15997026462898,42.820304074448096,38.60105871967341,40.97650757633081,30.874280613251383,62.6901481490074,62.44970466478341,51.1381135083586,30.874280613251383,41.89840582538945,62.6901481490074,44.8/11.09
2022-12-04,41.086388080797526,36.96814258216994,39.18820995242452,38.78865074482753,37.57547726022045,46.89840630657957,32.7144787956878,53.38478152707194,33.39082368196551,62.27837277179729,32.7144787956878,38.988430348626025,62.27837277179729,42.23/9.36
2022-12-05,36.19294262256592,40.164570132133335,35.015079331189696,41.97634840176453,45.1606553178594,36.28089773190649,28.37558357363235,63.08838986874775,68.82267568366956,63.58537073401702,28.37558357363235,41.07045926694893,68.82267568366956,45.87/14.12
2022-12-06,34.30205486156768,40.91196581101966,38.27182313948266,38.78227549236335,33.823538498673614,34.37279205312084,17.52370479120632,32.38555340686938,40.93340185540392,52.829611991006615,17.52370479120632,36.322307596301755,52.829611991006615,36.41/8.87
2022-12-07,40.76632819593665,37.189958004649384,40.92387414915779,36.228238810232185,45.61521326631328,41.41606170236947,35.325425377120176,42.73833343118641,56.41232365158432,68.51282561557235,35.325425377120176,41.16996792576363,68.51282561557235,44.51/10.36
2022-12-08,41.1052384619992,45.16916267489953,37.1040627583392,38.01931407111291,43.200287254674286,44.64798467569313,65.88484011032105,45.72334076567257,63.77202227308465,54.03140509462725,37.1040627583392,44.90857367529633,65.88484011032105,47.87/10.1
2022-12-09,42.001971612871024,39.56773631934392,38.24993706799596,37.217438165744674,39.34328502401631,46.06824315885186,26.48354554415627,66.75036908332041,66.09051770564092,55.02455814457692,26.48354554415627,40.78485396610748,66.75036908332041,45.68/13.06
2022-12-10,36.57503892406832,49.0830851273712,46.90770456844004,40.08065974715165,47.51291579839058,30.79155214003228,23.29361556350176,54.58478093273239,41.35193686990441,51.69389658722027,23.29361556350176,44.12982071917222,54.58478093273239,42.19/9.81
2022-12-11,40.15025389454477,38.121943392753444,39.44028607967885,39.43476093635369,45.59140396977634,37.32099234282269,27.90242675537128,62.611842635503024,61.78573403889966,64.87450579441366,27.90242675537128,39.79526998711181,64.87450579441366,45.72/12.76
2022-12-12,41.04365639751999,39.95437643947694,30.25207715477948,44.34478253998654,37.1772083937009,44.89176986121015,13.28485813551328,35.07957960849791,67.62662220268612,63.654527273972825,13.28485813551328,40.499016418498464,67.62662220268612,41.73/15.55
2022-12-13,33.52811123557326,42.75714142804276,40.0134925019374,42.26035955532626,38.5642994121341,42.91092094524375,50.938343893176295,45.8233460320176,52.58371148813765,54.60187230603407,33.52811123557326,42.83403118664326,54.60187230603407,44.4/6.64
2022-12-14,43.266705447567624,39.25776786530511,39.01770710170667,39.35570619211728,41.26719956934367,31.169796275763023,61.2680027302314,46.54054919757357,34.340070588846686,67.44584142512585,31.169796275763023,40.31145288073047,67.44584142512585,44.29/11.49
2022-12-15,34.77225143233956,44.94166930209618,39.53004938205804,43.66062642037613,39.96539837142822,35.131413851456244,49.77851265725699,38.0504545465566,38.3890164404662,65.90196179079334,34.77225143233956,39.74772387674313,65.90196179079334,43.01/9.26
2022-12-16,37.24900567527926,37.80580918373504,34.65086399476736,42.83736596289578,40.574746684017406,38.03172912253009,34.91382755355918,59.13507850841814,64.76632494870903,50.248635184564826,34.65086399476736,39.30323790327375,64.76632494870903,44.02/10.55
2022-12-17,31.684863897617145,50.88723655923712,42.80110363563319,42.71529462059417,49.07411767035332,39.44144817836374,32.2057265999413,53.53211860561405,78.29879100564571,61.60657823108841,31.684863897617145,45.93761065299326,78.29879100564571,48.22/14.09
2022-12-18,33.18773441920356,35.67039929945706,30.05448237938917,34.51594980673316,43.97536305755801,41.07976892224225,25.677283531300688,59.43145058651264,54.57068593275464,56.406284449135725,25.677283531300688,38.375084110849656,59.43145058651264,41.46/11.8
2022-12-19,40.14859338984542,43.93835864940662,36.98016446201927,42.917303712282965,34.510518833724966,38.49850293833489,21.294917830520948,47.27383893869979,58.305463131850615,57.79097959598833,21.294917830520948,41.532948551064194,58.305463131850615,42.17/10.92
2022-12-20,37.552004091238544,30.50536382176225,39.91018450709758,38.19436503418639,41.40242430362767,41.414676308277095,45.96749887835165,42.94039707652182,61.238578792077234,58.68321374286919,30.50536382176225,41.40855030595238,61.238578792077234,43.78/9.46
2022-12-21,38.30867248746786,30.75325638850373,41.96667884219227,44.50367239853919,42.65529792739215,40.68396542904731,31.748777470590397,37.23089276299516,42.342977191091904,54.12049238290476,30.75325638850373,41.32532213561979,54.12049238290476,40.43/6.66
2022-12-22,40.90967849893457,46.92782260154931,38.35178590145596,33.03667315151573,39.31512625098498,45.06119344908706,53.61872559575891,42.93030011808399,48.53616704362762,60.244267204111566,33.03667315151573,43.995746783585524,60.244267204111566,44.89/7.91
2022-12-23,39.23918304174197,41.16134794078658,43.61985464847321,41.37131125188468,29.46580979647381,44.24325086052578,42.612083124475866,55.68931274599309,73.16699321877023,53.11763542370228,29.46580979647381,43.11596888647453,73.16699321877023,46.37/11.86
2022-12-24,39.48612346104067,39.06641624289993,38.390722720271135,37.13390226236456,40.3791158323523,33.773245493339054,28.83250862029847,67.00090411134255,76.75901367218083,59.67127401419848,28.83250862029847,39.2762698519703,76.75901367218083,46.05/15.91
2022-12-25,50.0,42.258425436258605,44.29533091779973,39.78861154880403,36.782398639960135,40.36794290296388,49.12654859562648,60.88339734069056,34.24743804947894,61.561896425202654,34.24743804947894,43.27687817702917,61.561896425202654,45.93/9.43
2022-12-26,40.41694729434381,43.87419365255019,34.0075374537271,45.94318172846636,45.51105954544085,44.06581543058204,43.00970020861796,63.6113690442166,36.30728720692344,59.81133735771845,34.0075374537271,43.97000454156611,63.6113690442166,45.66/9.35
2022-12-27,40.82179355194795,41.804622149774474,35.35293094260574,43.47126882483799,40.23335838021143,41.64920597373412,25.77024284038561,55.69211056314367,62.80059096639784,68.64708179672309,25.77024284038561,41.7269140617543,68.64708179672309,45.62/12.97
2022-12-28,36.92268068022749,42.95654078961374,37.757329893403,39.42395940161321,40.06976987036805,42.50062689777803,47.70585968736,30.52899953383826,46.64462958074806,60.88861008236972,30.52899953383826,41.28519838407304,60.88861008236972,42.54/8.13
2022-12-29,39.83574227370913,30.958748845958738,41.14304206191865,46.28382170298194,42.058796036355055,35.87844219067613,64.12587798354645,52.91064660416394,76.10990858126648,65.5180385875281,30.958748845958738,44.17130886966849,76.10990858126648,49.48/14.71
2022-12-30,34.484517731188724,36.81706077941084,26.89121195289541,40.64962784531946,34.485905282064664,39.078599813256446,60.78890277985834,48.9046108514961,66.27362306155428,67.84869463669185,26.89121195289541,39.86411382928795,67.84869463669185,45.62/14.55
2022-12-31,28.04428473915608,38.05372406328157,50.31733446274487,46.277699985985855,44.742887354087706,35.56873234091998,69.92724596901596,56.47532574995955,73.26861050551457,63.756814398148144,28.04428473915608,48.297517224365365,73.26861050551457,50.64/15.06
average annual,39.76428768648107,39.67253676551046,40.19141910547403,39.99432223433363,40.59562402264087,39.972113902156586,37.70625756776998,49.71728015671768,55.59062112745869,60.278519962313254,28.090063810782482,41.984121395093425,65.58238253666521,
